hash,construct,submitter,model,pair,stratum,english,ainglish,english_tokens,ainglish_tokens,delta
3856933aece3c19b4209e93e3c911d07fc4f7aadb6d2ade77d06577d82707bd9,impact-recovered / cause-resolved incident-handoff axes,Lemony,cl100k_base,0,impact-recovered,"In checkout-outage, the declared impact was absent under the resolved order-flow-probe check at 14:20.",checkout-outage impact-recovered(order-flow-probe@14:20),24,15,-9
3856933aece3c19b4209e93e3c911d07fc4f7aadb6d2ade77d06577d82707bd9,impact-recovered / cause-resolved incident-handoff axes,Lemony,cl100k_base,1,impact-recovered,"In payments-queue-stall, the declared impact was absent under the resolved settle-lag-probe check at 09:05.",payments-queue-stall impact-recovered(settle-lag-probe@09:05),27,19,-8
3856933aece3c19b4209e93e3c911d07fc4f7aadb6d2ade77d06577d82707bd9,impact-recovered / cause-resolved incident-handoff axes,Lemony,cl100k_base,2,impact-recovered,"In search-index-lag, the declared impact was absent under the resolved freshness-probe check at 03:40.",search-index-lag impact-recovered(freshness-probe@03:40),24,17,-7
3856933aece3c19b4209e93e3c911d07fc4f7aadb6d2ade77d06577d82707bd9,impact-recovered / cause-resolved incident-handoff axes,Lemony,cl100k_base,3,impact-recovered,"In conveyor-jam, the declared impact was absent under the resolved line-speed-check check at 11:15.",conveyor-jam impact-recovered(line-speed-check@11:15),23,15,-8
3856933aece3c19b4209e93e3c911d07fc4f7aadb6d2ade77d06577d82707bd9,impact-recovered / cause-resolved incident-handoff axes,Lemony,cl100k_base,4,impact-recovered,"In pump-seal-leak, the declared impact was absent under the resolved pressure-hold-check check at 06:50.",pump-seal-leak impact-recovered(pressure-hold-check@06:50),26,20,-6
3856933aece3c19b4209e93e3c911d07fc4f7aadb6d2ade77d06577d82707bd9,impact-recovered / cause-resolved incident-handoff axes,Lemony,cl100k_base,5,impact-recovered,"In forklift-battery-drain, the declared impact was absent under the resolved shift-range-check check at 16:30.",forklift-battery-drain impact-recovered(shift-range-check@16:30),27,17,-10
3856933aece3c19b4209e93e3c911d07fc4f7aadb6d2ade77d06577d82707bd9,impact-recovered / cause-resolved incident-handoff axes,Lemony,cl100k_base,6,impact-recovered,"In pallet-shortage, the declared impact was absent under the resolved dock-count-check check at 07:25.",pallet-shortage impact-recovered(dock-count-check@07:25),23,16,-7
3856933aece3c19b4209e93e3c911d07fc4f7aadb6d2ade77d06577d82707bd9,impact-recovered / cause-resolved incident-handoff axes,Lemony,cl100k_base,7,impact-recovered,"In customs-hold, the declared impact was absent under the resolved clearance-status-check check at 12:10.",customs-hold impact-recovered(clearance-status-check@12:10),23,17,-6
3856933aece3c19b4209e93e3c911d07fc4f7aadb6d2ade77d06577d82707bd9,impact-recovered / cause-resolved incident-handoff axes,Lemony,cl100k_base,8,impact-recovered,"In reefer-temperature-drift, the declared impact was absent under the resolved cold-chain-probe check at 21:45.",reefer-temperature-drift impact-recovered(cold-chain-probe@21:45),28,19,-9
3856933aece3c19b4209e93e3c911d07fc4f7aadb6d2ade77d06577d82707bd9,impact-recovered / cause-resolved incident-handoff axes,Lemony,cl100k_base,9,impact-recovered,"In route-closure, the declared impact was absent under the resolved delivery-eta-check check at 08:35.",route-closure impact-recovered(delivery-eta-check@08:35),24,16,-8
3856933aece3c19b4209e93e3c911d07fc4f7aadb6d2ade77d06577d82707bd9,impact-recovered / cause-resolved incident-handoff axes,Lemony,cl100k_base,10,impact-recovered,"In contract-version-mismatch, the declared impact was absent under the resolved clause-diff-check check at 13:55.",contract-version-mismatch impact-recovered(clause-diff-check@13:55),25,17,-8
3856933aece3c19b4209e93e3c911d07fc4f7aadb6d2ade77d06577d82707bd9,impact-recovered / cause-resolved incident-handoff axes,Lemony,cl100k_base,11,impact-recovered,"In signature-capture-failure, the declared impact was absent under the resolved envelope-status-check check at 10:05.",signature-capture-failure impact-recovered(envelope-status-check@10:05),25,17,-8
3856933aece3c19b4209e93e3c911d07fc4f7aadb6d2ade77d06577d82707bd9,impact-recovered / cause-resolved incident-handoff axes,Lemony,cl100k_base,12,impact-recovered,"In archive-restore-gap, the declared impact was absent under the resolved integrity-check check at 04:15.",archive-restore-gap impact-recovered(integrity-check@04:15),23,15,-8
3856933aece3c19b4209e93e3c911d07fc4f7aadb6d2ade77d06577d82707bd9,impact-recovered / cause-resolved incident-handoff axes,Lemony,cl100k_base,13,impact-recovered,"In gate-scanner-failure, the declared impact was absent under the resolved entry-throughput-check check at 18:40.",gate-scanner-failure impact-recovered(entry-throughput-check@18:40),26,17,-9
3856933aece3c19b4209e93e3c911d07fc4f7aadb6d2ade77d06577d82707bd9,impact-recovered / cause-resolved incident-handoff axes,Lemony,cl100k_base,14,impact-recovered,"In stage-audio-dropout, the declared impact was absent under the resolved monitor-mix-check check at 20:05.",stage-audio-dropout impact-recovered(monitor-mix-check@20:05),26,18,-8
3856933aece3c19b4209e93e3c911d07fc4f7aadb6d2ade77d06577d82707bd9,impact-recovered / cause-resolved incident-handoff axes,Lemony,cl100k_base,15,impact-recovered,"In ticket-queue-overflow, the declared impact was absent under the resolved entry-latency-check check at 19:25.",ticket-queue-overflow impact-recovered(entry-latency-check@19:25),26,17,-9
3856933aece3c19b4209e93e3c911d07fc4f7aadb6d2ade77d06577d82707bd9,impact-recovered / cause-resolved incident-handoff axes,Lemony,cl100k_base,16,cause-resolved,"In checkout-outage, causal mechanism race-in-cart-writer was removed and the resolved replay-race-suite test passed.","checkout-outage cause-resolved(race-in-cart-writer, checked-by=replay-race-suite)",24,21,-3
3856933aece3c19b4209e93e3c911d07fc4f7aadb6d2ade77d06577d82707bd9,impact-recovered / cause-resolved incident-handoff axes,Lemony,cl100k_base,17,cause-resolved,"In payments-queue-stall, causal mechanism pool-exhaustion-in-settler was removed and the resolved settle-load-test test passed.","payments-queue-stall cause-resolved(pool-exhaustion-in-settler, checked-by=settle-load-test)",28,24,-4
3856933aece3c19b4209e93e3c911d07fc4f7aadb6d2ade77d06577d82707bd9,impact-recovered / cause-resolved incident-handoff axes,Lemony,cl100k_base,18,cause-resolved,"In search-index-lag, causal mechanism stalled-refresh-worker was removed and the resolved refresh-replay-test test passed.","search-index-lag cause-resolved(stalled-refresh-worker, checked-by=refresh-replay-test)",23,20,-3
3856933aece3c19b4209e93e3c911d07fc4f7aadb6d2ade77d06577d82707bd9,impact-recovered / cause-resolved incident-handoff axes,Lemony,cl100k_base,19,cause-resolved,"In conveyor-jam, causal mechanism misaligned-guide-rail was removed and the resolved guide-alignment-test test passed.","conveyor-jam cause-resolved(misaligned-guide-rail, checked-by=guide-alignment-test)",24,22,-2
3856933aece3c19b4209e93e3c911d07fc4f7aadb6d2ade77d06577d82707bd9,impact-recovered / cause-resolved incident-handoff axes,Lemony,cl100k_base,20,cause-resolved,"In pump-seal-leak, causal mechanism worn-shaft-seal was removed and the resolved pressure-soak-test test passed.","pump-seal-leak cause-resolved(worn-shaft-seal, checked-by=pressure-soak-test)",27,25,-2
3856933aece3c19b4209e93e3c911d07fc4f7aadb6d2ade77d06577d82707bd9,impact-recovered / cause-resolved incident-handoff axes,Lemony,cl100k_base,21,cause-resolved,"In forklift-battery-drain, causal mechanism faulty-charger-relay was removed and the resolved charge-cycle-test test passed.","forklift-battery-drain cause-resolved(faulty-charger-relay, checked-by=charge-cycle-test)",27,24,-3
3856933aece3c19b4209e93e3c911d07fc4f7aadb6d2ade77d06577d82707bd9,impact-recovered / cause-resolved incident-handoff axes,Lemony,cl100k_base,22,cause-resolved,"In pallet-shortage, causal mechanism mis-scoped-supplier-order was removed and the resolved restock-replay-test test passed.","pallet-shortage cause-resolved(mis-scoped-supplier-order, checked-by=restock-replay-test)",26,24,-2
3856933aece3c19b4209e93e3c911d07fc4f7aadb6d2ade77d06577d82707bd9,impact-recovered / cause-resolved incident-handoff axes,Lemony,cl100k_base,23,cause-resolved,"In customs-hold, causal mechanism misfiled-tariff-code was removed and the resolved tariff-resubmission-test test passed.","customs-hold cause-resolved(misfiled-tariff-code, checked-by=tariff-resubmission-test)",27,26,-1
3856933aece3c19b4209e93e3c911d07fc4f7aadb6d2ade77d06577d82707bd9,impact-recovered / cause-resolved incident-handoff axes,Lemony,cl100k_base,24,cause-resolved,"In reefer-temperature-drift, causal mechanism failed-door-gasket was removed and the resolved door-seal-test test passed.","reefer-temperature-drift cause-resolved(failed-door-gasket, checked-by=door-seal-test)",27,23,-4
3856933aece3c19b4209e93e3c911d07fc4f7aadb6d2ade77d06577d82707bd9,impact-recovered / cause-resolved incident-handoff axes,Lemony,cl100k_base,25,cause-resolved,"In route-closure, causal mechanism unposted-roadworks was removed and the resolved route-replan-test test passed.","route-closure cause-resolved(unposted-roadworks, checked-by=route-replan-test)",23,19,-4
3856933aece3c19b4209e93e3c911d07fc4f7aadb6d2ade77d06577d82707bd9,impact-recovered / cause-resolved incident-handoff axes,Lemony,cl100k_base,26,cause-resolved,"In contract-version-mismatch, causal mechanism stale-clause-template was removed and the resolved template-diff-test test passed.","contract-version-mismatch cause-resolved(stale-clause-template, checked-by=template-diff-test)",24,21,-3
3856933aece3c19b4209e93e3c911d07fc4f7aadb6d2ade77d06577d82707bd9,impact-recovered / cause-resolved incident-handoff axes,Lemony,cl100k_base,27,cause-resolved,"In signature-capture-failure, causal mechanism expired-signing-cert was removed and the resolved signing-cert-test test passed.","signature-capture-failure cause-resolved(expired-signing-cert, checked-by=signing-cert-test)",24,22,-2
3856933aece3c19b4209e93e3c911d07fc4f7aadb6d2ade77d06577d82707bd9,impact-recovered / cause-resolved incident-handoff axes,Lemony,cl100k_base,28,cause-resolved,"In archive-restore-gap, causal mechanism missing-retention-index was removed and the resolved restore-replay-test test passed.","archive-restore-gap cause-resolved(missing-retention-index, checked-by=restore-replay-test)",24,21,-3
3856933aece3c19b4209e93e3c911d07fc4f7aadb6d2ade77d06577d82707bd9,impact-recovered / cause-resolved incident-handoff axes,Lemony,cl100k_base,29,cause-resolved,"In gate-scanner-failure, causal mechanism dirty-lens-assembly was removed and the resolved scan-calibration-test test passed.","gate-scanner-failure cause-resolved(dirty-lens-assembly, checked-by=scan-calibration-test)",26,23,-3
3856933aece3c19b4209e93e3c911d07fc4f7aadb6d2ade77d06577d82707bd9,impact-recovered / cause-resolved incident-handoff axes,Lemony,cl100k_base,30,cause-resolved,"In stage-audio-dropout, causal mechanism loose-console-ribbon was removed and the resolved channel-sweep-test test passed.","stage-audio-dropout cause-resolved(loose-console-ribbon, checked-by=channel-sweep-test)",25,22,-3
3856933aece3c19b4209e93e3c911d07fc4f7aadb6d2ade77d06577d82707bd9,impact-recovered / cause-resolved incident-handoff axes,Lemony,cl100k_base,31,cause-resolved,"In ticket-queue-overflow, causal mechanism undersized-entry-pool was removed and the resolved load-replay-test test passed.","ticket-queue-overflow cause-resolved(undersized-entry-pool, checked-by=load-replay-test)",26,23,-3
3856933aece3c19b4209e93e3c911d07fc4f7aadb6d2ade77d06577d82707bd9,impact-recovered / cause-resolved incident-handoff axes,Lemony,o200k_base,0,impact-recovered,"In checkout-outage, the declared impact was absent under the resolved order-flow-probe check at 14:20.",checkout-outage impact-recovered(order-flow-probe@14:20),24,15,-9
3856933aece3c19b4209e93e3c911d07fc4f7aadb6d2ade77d06577d82707bd9,impact-recovered / cause-resolved incident-handoff axes,Lemony,o200k_base,1,impact-recovered,"In payments-queue-stall, the declared impact was absent under the resolved settle-lag-probe check at 09:05.",payments-queue-stall impact-recovered(settle-lag-probe@09:05),27,19,-8
3856933aece3c19b4209e93e3c911d07fc4f7aadb6d2ade77d06577d82707bd9,impact-recovered / cause-resolved incident-handoff axes,Lemony,o200k_base,2,impact-recovered,"In search-index-lag, the declared impact was absent under the resolved freshness-probe check at 03:40.",search-index-lag impact-recovered(freshness-probe@03:40),24,17,-7
3856933aece3c19b4209e93e3c911d07fc4f7aadb6d2ade77d06577d82707bd9,impact-recovered / cause-resolved incident-handoff axes,Lemony,o200k_base,3,impact-recovered,"In conveyor-jam, the declared impact was absent under the resolved line-speed-check check at 11:15.",conveyor-jam impact-recovered(line-speed-check@11:15),23,15,-8
3856933aece3c19b4209e93e3c911d07fc4f7aadb6d2ade77d06577d82707bd9,impact-recovered / cause-resolved incident-handoff axes,Lemony,o200k_base,4,impact-recovered,"In pump-seal-leak, the declared impact was absent under the resolved pressure-hold-check check at 06:50.",pump-seal-leak impact-recovered(pressure-hold-check@06:50),26,18,-8
3856933aece3c19b4209e93e3c911d07fc4f7aadb6d2ade77d06577d82707bd9,impact-recovered / cause-resolved incident-handoff axes,Lemony,o200k_base,5,impact-recovered,"In forklift-battery-drain, the declared impact was absent under the resolved shift-range-check check at 16:30.",forklift-battery-drain impact-recovered(shift-range-check@16:30),25,18,-7
3856933aece3c19b4209e93e3c911d07fc4f7aadb6d2ade77d06577d82707bd9,impact-recovered / cause-resolved incident-handoff axes,Lemony,o200k_base,6,impact-recovered,"In pallet-shortage, the declared impact was absent under the resolved dock-count-check check at 07:25.",pallet-shortage impact-recovered(dock-count-check@07:25),23,16,-7
3856933aece3c19b4209e93e3c911d07fc4f7aadb6d2ade77d06577d82707bd9,impact-recovered / cause-resolved incident-handoff axes,Lemony,o200k_base,7,impact-recovered,"In customs-hold, the declared impact was absent under the resolved clearance-status-check check at 12:10.",customs-hold impact-recovered(clearance-status-check@12:10),23,16,-7
3856933aece3c19b4209e93e3c911d07fc4f7aadb6d2ade77d06577d82707bd9,impact-recovered / cause-resolved incident-handoff axes,Lemony,o200k_base,8,impact-recovered,"In reefer-temperature-drift, the declared impact was absent under the resolved cold-chain-probe check at 21:45.",reefer-temperature-drift impact-recovered(cold-chain-probe@21:45),26,18,-8
3856933aece3c19b4209e93e3c911d07fc4f7aadb6d2ade77d06577d82707bd9,impact-recovered / cause-resolved incident-handoff axes,Lemony,o200k_base,9,impact-recovered,"In route-closure, the declared impact was absent under the resolved delivery-eta-check check at 08:35.",route-closure impact-recovered(delivery-eta-check@08:35),24,16,-8
3856933aece3c19b4209e93e3c911d07fc4f7aadb6d2ade77d06577d82707bd9,impact-recovered / cause-resolved incident-handoff axes,Lemony,o200k_base,10,impact-recovered,"In contract-version-mismatch, the declared impact was absent under the resolved clause-diff-check check at 13:55.",contract-version-mismatch impact-recovered(clause-diff-check@13:55),25,17,-8
3856933aece3c19b4209e93e3c911d07fc4f7aadb6d2ade77d06577d82707bd9,impact-recovered / cause-resolved incident-handoff axes,Lemony,o200k_base,11,impact-recovered,"In signature-capture-failure, the declared impact was absent under the resolved envelope-status-check check at 10:05.",signature-capture-failure impact-recovered(envelope-status-check@10:05),25,17,-8
3856933aece3c19b4209e93e3c911d07fc4f7aadb6d2ade77d06577d82707bd9,impact-recovered / cause-resolved incident-handoff axes,Lemony,o200k_base,12,impact-recovered,"In archive-restore-gap, the declared impact was absent under the resolved integrity-check check at 04:15.",archive-restore-gap impact-recovered(integrity-check@04:15),23,16,-7
3856933aece3c19b4209e93e3c911d07fc4f7aadb6d2ade77d06577d82707bd9,impact-recovered / cause-resolved incident-handoff axes,Lemony,o200k_base,13,impact-recovered,"In gate-scanner-failure, the declared impact was absent under the resolved entry-throughput-check check at 18:40.",gate-scanner-failure impact-recovered(entry-throughput-check@18:40),26,17,-9
3856933aece3c19b4209e93e3c911d07fc4f7aadb6d2ade77d06577d82707bd9,impact-recovered / cause-resolved incident-handoff axes,Lemony,o200k_base,14,impact-recovered,"In stage-audio-dropout, the declared impact was absent under the resolved monitor-mix-check check at 20:05.",stage-audio-dropout impact-recovered(monitor-mix-check@20:05),26,18,-8
3856933aece3c19b4209e93e3c911d07fc4f7aadb6d2ade77d06577d82707bd9,impact-recovered / cause-resolved incident-handoff axes,Lemony,o200k_base,15,impact-recovered,"In ticket-queue-overflow, the declared impact was absent under the resolved entry-latency-check check at 19:25.",ticket-queue-overflow impact-recovered(entry-latency-check@19:25),27,18,-9
3856933aece3c19b4209e93e3c911d07fc4f7aadb6d2ade77d06577d82707bd9,impact-recovered / cause-resolved incident-handoff axes,Lemony,o200k_base,16,cause-resolved,"In checkout-outage, causal mechanism race-in-cart-writer was removed and the resolved replay-race-suite test passed.","checkout-outage cause-resolved(race-in-cart-writer, checked-by=replay-race-suite)",24,21,-3
3856933aece3c19b4209e93e3c911d07fc4f7aadb6d2ade77d06577d82707bd9,impact-recovered / cause-resolved incident-handoff axes,Lemony,o200k_base,17,cause-resolved,"In payments-queue-stall, causal mechanism pool-exhaustion-in-settler was removed and the resolved settle-load-test test passed.","payments-queue-stall cause-resolved(pool-exhaustion-in-settler, checked-by=settle-load-test)",28,25,-3
3856933aece3c19b4209e93e3c911d07fc4f7aadb6d2ade77d06577d82707bd9,impact-recovered / cause-resolved incident-handoff axes,Lemony,o200k_base,18,cause-resolved,"In search-index-lag, causal mechanism stalled-refresh-worker was removed and the resolved refresh-replay-test test passed.","search-index-lag cause-resolved(stalled-refresh-worker, checked-by=refresh-replay-test)",23,20,-3
3856933aece3c19b4209e93e3c911d07fc4f7aadb6d2ade77d06577d82707bd9,impact-recovered / cause-resolved incident-handoff axes,Lemony,o200k_base,19,cause-resolved,"In conveyor-jam, causal mechanism misaligned-guide-rail was removed and the resolved guide-alignment-test test passed.","conveyor-jam cause-resolved(misaligned-guide-rail, checked-by=guide-alignment-test)",24,22,-2
3856933aece3c19b4209e93e3c911d07fc4f7aadb6d2ade77d06577d82707bd9,impact-recovered / cause-resolved incident-handoff axes,Lemony,o200k_base,20,cause-resolved,"In pump-seal-leak, causal mechanism worn-shaft-seal was removed and the resolved pressure-soak-test test passed.","pump-seal-leak cause-resolved(worn-shaft-seal, checked-by=pressure-soak-test)",26,23,-3
3856933aece3c19b4209e93e3c911d07fc4f7aadb6d2ade77d06577d82707bd9,impact-recovered / cause-resolved incident-handoff axes,Lemony,o200k_base,21,cause-resolved,"In forklift-battery-drain, causal mechanism faulty-charger-relay was removed and the resolved charge-cycle-test test passed.","forklift-battery-drain cause-resolved(faulty-charger-relay, checked-by=charge-cycle-test)",25,24,-1
3856933aece3c19b4209e93e3c911d07fc4f7aadb6d2ade77d06577d82707bd9,impact-recovered / cause-resolved incident-handoff axes,Lemony,o200k_base,22,cause-resolved,"In pallet-shortage, causal mechanism mis-scoped-supplier-order was removed and the resolved restock-replay-test test passed.","pallet-shortage cause-resolved(mis-scoped-supplier-order, checked-by=restock-replay-test)",26,24,-2
3856933aece3c19b4209e93e3c911d07fc4f7aadb6d2ade77d06577d82707bd9,impact-recovered / cause-resolved incident-handoff axes,Lemony,o200k_base,23,cause-resolved,"In customs-hold, causal mechanism misfiled-tariff-code was removed and the resolved tariff-resubmission-test test passed.","customs-hold cause-resolved(misfiled-tariff-code, checked-by=tariff-resubmission-test)",27,26,-1
3856933aece3c19b4209e93e3c911d07fc4f7aadb6d2ade77d06577d82707bd9,impact-recovered / cause-resolved incident-handoff axes,Lemony,o200k_base,24,cause-resolved,"In reefer-temperature-drift, causal mechanism failed-door-gasket was removed and the resolved door-seal-test test passed.","reefer-temperature-drift cause-resolved(failed-door-gasket, checked-by=door-seal-test)",25,22,-3
3856933aece3c19b4209e93e3c911d07fc4f7aadb6d2ade77d06577d82707bd9,impact-recovered / cause-resolved incident-handoff axes,Lemony,o200k_base,25,cause-resolved,"In route-closure, causal mechanism unposted-roadworks was removed and the resolved route-replan-test test passed.","route-closure cause-resolved(unposted-roadworks, checked-by=route-replan-test)",23,19,-4
3856933aece3c19b4209e93e3c911d07fc4f7aadb6d2ade77d06577d82707bd9,impact-recovered / cause-resolved incident-handoff axes,Lemony,o200k_base,26,cause-resolved,"In contract-version-mismatch, causal mechanism stale-clause-template was removed and the resolved template-diff-test test passed.","contract-version-mismatch cause-resolved(stale-clause-template, checked-by=template-diff-test)",24,21,-3
3856933aece3c19b4209e93e3c911d07fc4f7aadb6d2ade77d06577d82707bd9,impact-recovered / cause-resolved incident-handoff axes,Lemony,o200k_base,27,cause-resolved,"In signature-capture-failure, causal mechanism expired-signing-cert was removed and the resolved signing-cert-test test passed.","signature-capture-failure cause-resolved(expired-signing-cert, checked-by=signing-cert-test)",24,22,-2
3856933aece3c19b4209e93e3c911d07fc4f7aadb6d2ade77d06577d82707bd9,impact-recovered / cause-resolved incident-handoff axes,Lemony,o200k_base,28,cause-resolved,"In archive-restore-gap, causal mechanism missing-retention-index was removed and the resolved restore-replay-test test passed.","archive-restore-gap cause-resolved(missing-retention-index, checked-by=restore-replay-test)",24,21,-3
3856933aece3c19b4209e93e3c911d07fc4f7aadb6d2ade77d06577d82707bd9,impact-recovered / cause-resolved incident-handoff axes,Lemony,o200k_base,29,cause-resolved,"In gate-scanner-failure, causal mechanism dirty-lens-assembly was removed and the resolved scan-calibration-test test passed.","gate-scanner-failure cause-resolved(dirty-lens-assembly, checked-by=scan-calibration-test)",26,23,-3
3856933aece3c19b4209e93e3c911d07fc4f7aadb6d2ade77d06577d82707bd9,impact-recovered / cause-resolved incident-handoff axes,Lemony,o200k_base,30,cause-resolved,"In stage-audio-dropout, causal mechanism loose-console-ribbon was removed and the resolved channel-sweep-test test passed.","stage-audio-dropout cause-resolved(loose-console-ribbon, checked-by=channel-sweep-test)",25,22,-3
3856933aece3c19b4209e93e3c911d07fc4f7aadb6d2ade77d06577d82707bd9,impact-recovered / cause-resolved incident-handoff axes,Lemony,o200k_base,31,cause-resolved,"In ticket-queue-overflow, causal mechanism undersized-entry-pool was removed and the resolved load-replay-test test passed.","ticket-queue-overflow cause-resolved(undersized-entry-pool, checked-by=load-replay-test)",26,23,-3
3856933aece3c19b4209e93e3c911d07fc4f7aadb6d2ade77d06577d82707bd9,impact-recovered / cause-resolved incident-handoff axes,Lemony,p50k_base,0,impact-recovered,"In checkout-outage, the declared impact was absent under the resolved order-flow-probe check at 14:20.",checkout-outage impact-recovered(order-flow-probe@14:20),26,21,-5
3856933aece3c19b4209e93e3c911d07fc4f7aadb6d2ade77d06577d82707bd9,impact-recovered / cause-resolved incident-handoff axes,Lemony,p50k_base,1,impact-recovered,"In payments-queue-stall, the declared impact was absent under the resolved settle-lag-probe check at 09:05.",payments-queue-stall impact-recovered(settle-lag-probe@09:05),27,23,-4
3856933aece3c19b4209e93e3c911d07fc4f7aadb6d2ade77d06577d82707bd9,impact-recovered / cause-resolved incident-handoff axes,Lemony,p50k_base,2,impact-recovered,"In search-index-lag, the declared impact was absent under the resolved freshness-probe check at 03:40.",search-index-lag impact-recovered(freshness-probe@03:40),26,20,-6
3856933aece3c19b4209e93e3c911d07fc4f7aadb6d2ade77d06577d82707bd9,impact-recovered / cause-resolved incident-handoff axes,Lemony,p50k_base,3,impact-recovered,"In conveyor-jam, the declared impact was absent under the resolved line-speed-check check at 11:15.",conveyor-jam impact-recovered(line-speed-check@11:15),25,20,-5
3856933aece3c19b4209e93e3c911d07fc4f7aadb6d2ade77d06577d82707bd9,impact-recovered / cause-resolved incident-handoff axes,Lemony,p50k_base,4,impact-recovered,"In pump-seal-leak, the declared impact was absent under the resolved pressure-hold-check check at 06:50.",pump-seal-leak impact-recovered(pressure-hold-check@06:50),28,23,-5
3856933aece3c19b4209e93e3c911d07fc4f7aadb6d2ade77d06577d82707bd9,impact-recovered / cause-resolved incident-handoff axes,Lemony,p50k_base,5,impact-recovered,"In forklift-battery-drain, the declared impact was absent under the resolved shift-range-check check at 16:30.",forklift-battery-drain impact-recovered(shift-range-check@16:30),29,23,-6
3856933aece3c19b4209e93e3c911d07fc4f7aadb6d2ade77d06577d82707bd9,impact-recovered / cause-resolved incident-handoff axes,Lemony,p50k_base,6,impact-recovered,"In pallet-shortage, the declared impact was absent under the resolved dock-count-check check at 07:25.",pallet-shortage impact-recovered(dock-count-check@07:25),26,21,-5
3856933aece3c19b4209e93e3c911d07fc4f7aadb6d2ade77d06577d82707bd9,impact-recovered / cause-resolved incident-handoff axes,Lemony,p50k_base,7,impact-recovered,"In customs-hold, the declared impact was absent under the resolved clearance-status-check check at 12:10.",customs-hold impact-recovered(clearance-status-check@12:10),24,20,-4
3856933aece3c19b4209e93e3c911d07fc4f7aadb6d2ade77d06577d82707bd9,impact-recovered / cause-resolved incident-handoff axes,Lemony,p50k_base,8,impact-recovered,"In reefer-temperature-drift, the declared impact was absent under the resolved cold-chain-probe check at 21:45.",reefer-temperature-drift impact-recovered(cold-chain-probe@21:45),30,24,-6
3856933aece3c19b4209e93e3c911d07fc4f7aadb6d2ade77d06577d82707bd9,impact-recovered / cause-resolved incident-handoff axes,Lemony,p50k_base,9,impact-recovered,"In route-closure, the declared impact was absent under the resolved delivery-eta-check check at 08:35.",route-closure impact-recovered(delivery-eta-check@08:35),24,19,-5
3856933aece3c19b4209e93e3c911d07fc4f7aadb6d2ade77d06577d82707bd9,impact-recovered / cause-resolved incident-handoff axes,Lemony,p50k_base,10,impact-recovered,"In contract-version-mismatch, the declared impact was absent under the resolved clause-diff-check check at 13:55.",contract-version-mismatch impact-recovered(clause-diff-check@13:55),28,23,-5
3856933aece3c19b4209e93e3c911d07fc4f7aadb6d2ade77d06577d82707bd9,impact-recovered / cause-resolved incident-handoff axes,Lemony,p50k_base,11,impact-recovered,"In signature-capture-failure, the declared impact was absent under the resolved envelope-status-check check at 10:05.",signature-capture-failure impact-recovered(envelope-status-check@10:05),28,25,-3
3856933aece3c19b4209e93e3c911d07fc4f7aadb6d2ade77d06577d82707bd9,impact-recovered / cause-resolved incident-handoff axes,Lemony,p50k_base,12,impact-recovered,"In archive-restore-gap, the declared impact was absent under the resolved integrity-check check at 04:15.",archive-restore-gap impact-recovered(integrity-check@04:15),25,20,-5
3856933aece3c19b4209e93e3c911d07fc4f7aadb6d2ade77d06577d82707bd9,impact-recovered / cause-resolved incident-handoff axes,Lemony,p50k_base,13,impact-recovered,"In gate-scanner-failure, the declared impact was absent under the resolved entry-throughput-check check at 18:40.",gate-scanner-failure impact-recovered(entry-throughput-check@18:40),29,23,-6
3856933aece3c19b4209e93e3c911d07fc4f7aadb6d2ade77d06577d82707bd9,impact-recovered / cause-resolved incident-handoff axes,Lemony,p50k_base,14,impact-recovered,"In stage-audio-dropout, the declared impact was absent under the resolved monitor-mix-check check at 20:05.",stage-audio-dropout impact-recovered(monitor-mix-check@20:05),27,21,-6
3856933aece3c19b4209e93e3c911d07fc4f7aadb6d2ade77d06577d82707bd9,impact-recovered / cause-resolved incident-handoff axes,Lemony,p50k_base,15,impact-recovered,"In ticket-queue-overflow, the declared impact was absent under the resolved entry-latency-check check at 19:25.",ticket-queue-overflow impact-recovered(entry-latency-check@19:25),28,22,-6
3856933aece3c19b4209e93e3c911d07fc4f7aadb6d2ade77d06577d82707bd9,impact-recovered / cause-resolved incident-handoff axes,Lemony,p50k_base,16,cause-resolved,"In checkout-outage, causal mechanism race-in-cart-writer was removed and the resolved replay-race-suite test passed.","checkout-outage cause-resolved(race-in-cart-writer, checked-by=replay-race-suite)",29,30,1
3856933aece3c19b4209e93e3c911d07fc4f7aadb6d2ade77d06577d82707bd9,impact-recovered / cause-resolved incident-handoff axes,Lemony,p50k_base,17,cause-resolved,"In payments-queue-stall, causal mechanism pool-exhaustion-in-settler was removed and the resolved settle-load-test test passed.","payments-queue-stall cause-resolved(pool-exhaustion-in-settler, checked-by=settle-load-test)",32,33,1
3856933aece3c19b4209e93e3c911d07fc4f7aadb6d2ade77d06577d82707bd9,impact-recovered / cause-resolved incident-handoff axes,Lemony,p50k_base,18,cause-resolved,"In search-index-lag, causal mechanism stalled-refresh-worker was removed and the resolved refresh-replay-test test passed.","search-index-lag cause-resolved(stalled-refresh-worker, checked-by=refresh-replay-test)",29,30,1
3856933aece3c19b4209e93e3c911d07fc4f7aadb6d2ade77d06577d82707bd9,impact-recovered / cause-resolved incident-handoff axes,Lemony,p50k_base,19,cause-resolved,"In conveyor-jam, causal mechanism misaligned-guide-rail was removed and the resolved guide-alignment-test test passed.","conveyor-jam cause-resolved(misaligned-guide-rail, checked-by=guide-alignment-test)",28,28,0
3856933aece3c19b4209e93e3c911d07fc4f7aadb6d2ade77d06577d82707bd9,impact-recovered / cause-resolved incident-handoff axes,Lemony,p50k_base,20,cause-resolved,"In pump-seal-leak, causal mechanism worn-shaft-seal was removed and the resolved pressure-soak-test test passed.","pump-seal-leak cause-resolved(worn-shaft-seal, checked-by=pressure-soak-test)",32,32,0
3856933aece3c19b4209e93e3c911d07fc4f7aadb6d2ade77d06577d82707bd9,impact-recovered / cause-resolved incident-handoff axes,Lemony,p50k_base,21,cause-resolved,"In forklift-battery-drain, causal mechanism faulty-charger-relay was removed and the resolved charge-cycle-test test passed.","forklift-battery-drain cause-resolved(faulty-charger-relay, checked-by=charge-cycle-test)",32,33,1
3856933aece3c19b4209e93e3c911d07fc4f7aadb6d2ade77d06577d82707bd9,impact-recovered / cause-resolved incident-handoff axes,Lemony,p50k_base,22,cause-resolved,"In pallet-shortage, causal mechanism mis-scoped-supplier-order was removed and the resolved restock-replay-test test passed.","pallet-shortage cause-resolved(mis-scoped-supplier-order, checked-by=restock-replay-test)",33,32,-1
3856933aece3c19b4209e93e3c911d07fc4f7aadb6d2ade77d06577d82707bd9,impact-recovered / cause-resolved incident-handoff axes,Lemony,p50k_base,23,cause-resolved,"In customs-hold, causal mechanism misfiled-tariff-code was removed and the resolved tariff-resubmission-test test passed.","customs-hold cause-resolved(misfiled-tariff-code, checked-by=tariff-resubmission-test)",30,31,1
3856933aece3c19b4209e93e3c911d07fc4f7aadb6d2ade77d06577d82707bd9,impact-recovered / cause-resolved incident-handoff axes,Lemony,p50k_base,24,cause-resolved,"In reefer-temperature-drift, causal mechanism failed-door-gasket was removed and the resolved door-seal-test test passed.","reefer-temperature-drift cause-resolved(failed-door-gasket, checked-by=door-seal-test)",32,31,-1
3856933aece3c19b4209e93e3c911d07fc4f7aadb6d2ade77d06577d82707bd9,impact-recovered / cause-resolved incident-handoff axes,Lemony,p50k_base,25,cause-resolved,"In route-closure, causal mechanism unposted-roadworks was removed and the resolved route-replan-test test passed.","route-closure cause-resolved(unposted-roadworks, checked-by=route-replan-test)",26,25,-1
3856933aece3c19b4209e93e3c911d07fc4f7aadb6d2ade77d06577d82707bd9,impact-recovered / cause-resolved incident-handoff axes,Lemony,p50k_base,26,cause-resolved,"In contract-version-mismatch, causal mechanism stale-clause-template was removed and the resolved template-diff-test test passed.","contract-version-mismatch cause-resolved(stale-clause-template, checked-by=template-diff-test)",30,30,0
3856933aece3c19b4209e93e3c911d07fc4f7aadb6d2ade77d06577d82707bd9,impact-recovered / cause-resolved incident-handoff axes,Lemony,p50k_base,27,cause-resolved,"In signature-capture-failure, causal mechanism expired-signing-cert was removed and the resolved signing-cert-test test passed.","signature-capture-failure cause-resolved(expired-signing-cert, checked-by=signing-cert-test)",30,32,2
3856933aece3c19b4209e93e3c911d07fc4f7aadb6d2ade77d06577d82707bd9,impact-recovered / cause-resolved incident-handoff axes,Lemony,p50k_base,28,cause-resolved,"In archive-restore-gap, causal mechanism missing-retention-index was removed and the resolved restore-replay-test test passed.","archive-restore-gap cause-resolved(missing-retention-index, checked-by=restore-replay-test)",30,30,0
3856933aece3c19b4209e93e3c911d07fc4f7aadb6d2ade77d06577d82707bd9,impact-recovered / cause-resolved incident-handoff axes,Lemony,p50k_base,29,cause-resolved,"In gate-scanner-failure, causal mechanism dirty-lens-assembly was removed and the resolved scan-calibration-test test passed.","gate-scanner-failure cause-resolved(dirty-lens-assembly, checked-by=scan-calibration-test)",32,31,-1
3856933aece3c19b4209e93e3c911d07fc4f7aadb6d2ade77d06577d82707bd9,impact-recovered / cause-resolved incident-handoff axes,Lemony,p50k_base,30,cause-resolved,"In stage-audio-dropout, causal mechanism loose-console-ribbon was removed and the resolved channel-sweep-test test passed.","stage-audio-dropout cause-resolved(loose-console-ribbon, checked-by=channel-sweep-test)",30,30,0
3856933aece3c19b4209e93e3c911d07fc4f7aadb6d2ade77d06577d82707bd9,impact-recovered / cause-resolved incident-handoff axes,Lemony,p50k_base,31,cause-resolved,"In ticket-queue-overflow, causal mechanism undersized-entry-pool was removed and the resolved load-replay-test test passed.","ticket-queue-overflow cause-resolved(undersized-entry-pool, checked-by=load-replay-test)",30,29,-1
4620b8885048023be93d04c9307a14218d45ff8f72e33654cce4c3e0d4e3f7b6,action-no-undo-action-can-undo-how-5,Dexagon,cl100k_base,0,no-undo,Shredded the receipt; I cannot reverse this.,"Shredded the receipt, no-undo.",11,10,-1
4620b8885048023be93d04c9307a14218d45ff8f72e33654cce4c3e0d4e3f7b6,action-no-undo-action-can-undo-how-5,Dexagon,cl100k_base,1,no-undo,Sent the notification; I cannot reverse this.,"Sent the notification, no-undo.",9,8,-1
4620b8885048023be93d04c9307a14218d45ff8f72e33654cce4c3e0d4e3f7b6,action-no-undo-action-can-undo-how-5,Dexagon,cl100k_base,2,no-undo,Broadcast the launch announcement; I cannot reverse this.,"Broadcast the launch announcement, no-undo.",10,9,-1
4620b8885048023be93d04c9307a14218d45ff8f72e33654cce4c3e0d4e3f7b6,action-no-undo-action-can-undo-how-5,Dexagon,cl100k_base,3,no-undo,Destroyed the expired certificate; I cannot reverse this.,"Destroyed the expired certificate, no-undo.",10,9,-1
4620b8885048023be93d04c9307a14218d45ff8f72e33654cce4c3e0d4e3f7b6,action-no-undo-action-can-undo-how-5,Dexagon,cl100k_base,4,no-undo,Deleted the sole calibration recording; I cannot reverse this.,"Deleted the sole calibration recording, no-undo.",11,10,-1
4620b8885048023be93d04c9307a14218d45ff8f72e33654cce4c3e0d4e3f7b6,action-no-undo-action-can-undo-how-5,Dexagon,cl100k_base,5,no-undo,Overwrote the only copy of payroll; I cannot reverse this.,"Overwrote the only copy of payroll, no-undo.",14,13,-1
4620b8885048023be93d04c9307a14218d45ff8f72e33654cce4c3e0d4e3f7b6,action-no-undo-action-can-undo-how-5,Dexagon,cl100k_base,6,no-undo,Published the private prototype photographs without redaction; I cannot reverse this.,"Published the private prototype photographs without redaction, no-undo.",14,13,-1
4620b8885048023be93d04c9307a14218d45ff8f72e33654cce4c3e0d4e3f7b6,action-no-undo-action-can-undo-how-5,Dexagon,cl100k_base,7,no-undo,Incinerated the unique signed parcel delivery manifest; I cannot reverse this.,"Incinerated the unique signed parcel delivery manifest, no-undo.",15,14,-1
4620b8885048023be93d04c9307a14218d45ff8f72e33654cce4c3e0d4e3f7b6,action-no-undo-action-can-undo-how-5,Dexagon,cl100k_base,8,no-undo,Transmit the credentials; I cannot reverse this.,"Transmit the credentials, no-undo.",10,9,-1
4620b8885048023be93d04c9307a14218d45ff8f72e33654cce4c3e0d4e3f7b6,action-no-undo-action-can-undo-how-5,Dexagon,cl100k_base,9,no-undo,Erase the only backup; I cannot reverse this.,"Erase the only backup, no-undo.",11,10,-1
4620b8885048023be93d04c9307a14218d45ff8f72e33654cce4c3e0d4e3f7b6,action-no-undo-action-can-undo-how-5,Dexagon,cl100k_base,10,no-undo,Reveal the sealed verdict; I cannot reverse this.,"Reveal the sealed verdict, no-undo.",11,10,-1
4620b8885048023be93d04c9307a14218d45ff8f72e33654cce4c3e0d4e3f7b6,action-no-undo-action-can-undo-how-5,Dexagon,cl100k_base,11,no-undo,Destroy the sole recovery code; I cannot reverse this.,"Destroy the sole recovery code, no-undo.",11,10,-1
4620b8885048023be93d04c9307a14218d45ff8f72e33654cce4c3e0d4e3f7b6,action-no-undo-action-can-undo-how-5,Dexagon,cl100k_base,12,no-undo,Overwrite the sole invoice export; I cannot reverse this.,"Overwrite the sole invoice export, no-undo.",12,11,-1
4620b8885048023be93d04c9307a14218d45ff8f72e33654cce4c3e0d4e3f7b6,action-no-undo-action-can-undo-how-5,Dexagon,cl100k_base,13,no-undo,Publish the sensitive audit appendix; I cannot reverse this.,"Publish the sensitive audit appendix, no-undo.",11,10,-1
4620b8885048023be93d04c9307a14218d45ff8f72e33654cce4c3e0d4e3f7b6,action-no-undo-action-can-undo-how-5,Dexagon,cl100k_base,14,no-undo,Shred the original paper voucher; I cannot reverse this.,"Shred the original paper voucher, no-undo.",12,11,-1
4620b8885048023be93d04c9307a14218d45ff8f72e33654cce4c3e0d4e3f7b6,action-no-undo-action-can-undo-how-5,Dexagon,cl100k_base,15,no-undo,Discard the only remaining copy of telemetry; I cannot reverse this.,"Discard the only remaining copy of telemetry, no-undo.",14,13,-1
4620b8885048023be93d04c9307a14218d45ff8f72e33654cce4c3e0d4e3f7b6,action-no-undo-action-can-undo-how-5,Dexagon,cl100k_base,16,can-undo,Unsubscribe the workspace; I can reverse this via the restore option; cost 5 credits.,"Unsubscribe the workspace, can-undo(the restore option; 5 credits).",19,16,-3
4620b8885048023be93d04c9307a14218d45ff8f72e33654cce4c3e0d4e3f7b6,action-no-undo-action-can-undo-how-5,Dexagon,cl100k_base,17,can-undo,Downgraded the workspace storage tier; I can reverse this via the previous tier switch; cost 25 usd.,"Downgraded the workspace storage tier, can-undo(the previous tier switch; 25 usd).",23,20,-3
4620b8885048023be93d04c9307a14218d45ff8f72e33654cce4c3e0d4e3f7b6,action-no-undo-action-can-undo-how-5,Dexagon,cl100k_base,18,can-undo,Transfer the project to archival ownership; the transfer administrator can reverse this via the signed ownership reversal form; cost 3 credits.,"Transfer the project to archival ownership, can-undo(the signed ownership reversal form; the transfer administrator; 3 credits).",25,24,-1
4620b8885048023be93d04c9307a14218d45ff8f72e33654cce4c3e0d4e3f7b6,action-no-undo-action-can-undo-how-5,Dexagon,cl100k_base,19,can-undo,Lock the export channel; the channel owner can reverse this via the console unlock within 2 hours.,"Lock the export channel, can-undo(the console unlock; the channel owner; 2h).",20,20,0
4620b8885048023be93d04c9307a14218d45ff8f72e33654cce4c3e0d4e3f7b6,action-no-undo-action-can-undo-how-5,Dexagon,cl100k_base,20,can-undo,Sealed the draft ledger against edits; the ledger custodian can reverse this via the temporary seal rollback within 14 days.,"Sealed the draft ledger against edits, can-undo(the temporary seal rollback; the ledger custodian; 14d).",25,25,0
4620b8885048023be93d04c9307a14218d45ff8f72e33654cce4c3e0d4e3f7b6,action-no-undo-action-can-undo-how-5,Dexagon,cl100k_base,21,can-undo,Move the staged asset into quarantine; the asset custodian can reverse this via the quarantine restore within 1 day; cost 2 credits.,"Move the staged asset into quarantine, can-undo(the quarantine restore; the asset custodian; 1d; 2 credits).",28,27,-1
4620b8885048023be93d04c9307a14218d45ff8f72e33654cce4c3e0d4e3f7b6,action-no-undo-action-can-undo-how-5,Dexagon,cl100k_base,22,can-undo,Revoke the contractor session access grant; the access administrator can reverse this via restoring the exact previous grant.,"Revoke the contractor session access grant, can-undo(restoring the exact previous grant; the access administrator).",21,22,1
4620b8885048023be93d04c9307a14218d45ff8f72e33654cce4c3e0d4e3f7b6,action-no-undo-action-can-undo-how-5,Dexagon,cl100k_base,23,can-undo,Archived the scheduled batch; the batch owner can reverse this via the archive restore.,"Archived the scheduled batch, can-undo(the archive restore; the batch owner).",17,17,0
4620b8885048023be93d04c9307a14218d45ff8f72e33654cce4c3e0d4e3f7b6,action-no-undo-action-can-undo-how-5,Dexagon,cl100k_base,24,can-undo,Suspended the dedicated processing queue; the queue owner can reverse this via the queue resume.,"Suspended the dedicated processing queue, can-undo(the queue resume; the queue owner).",18,18,0
4620b8885048023be93d04c9307a14218d45ff8f72e33654cce4c3e0d4e3f7b6,action-no-undo-action-can-undo-how-5,Dexagon,cl100k_base,25,can-undo,Pause the timer; I can reverse this via the resume command.,"Pause the timer, can-undo(the resume command).",13,11,-2
4620b8885048023be93d04c9307a14218d45ff8f72e33654cce4c3e0d4e3f7b6,action-no-undo-action-can-undo-how-5,Dexagon,cl100k_base,26,can-undo,Muted the incident channel; I can reverse this via restoring the prior notification setting.,"Muted the incident channel, can-undo(restoring the prior notification setting).",17,16,-1
4620b8885048023be93d04c9307a14218d45ff8f72e33654cce4c3e0d4e3f7b6,action-no-undo-action-can-undo-how-5,Dexagon,cl100k_base,27,can-undo,Renamed the private temporary staging branch; I can reverse this via restoring the previous branch name.,"Renamed the private temporary staging branch, can-undo(restoring the previous branch name).",19,18,-1
4620b8885048023be93d04c9307a14218d45ff8f72e33654cce4c3e0d4e3f7b6,action-no-undo-action-can-undo-how-5,Dexagon,cl100k_base,28,can-undo,Park the temporary compute allocation for recovery; I can reverse this via the allocation recovery procedure within 30 days; cost 80 usd.,"Park the temporary compute allocation for recovery, can-undo(the allocation recovery procedure; 30d; 80 usd).",28,25,-3
4620b8885048023be93d04c9307a14218d45ff8f72e33654cce4c3e0d4e3f7b6,action-no-undo-action-can-undo-how-5,Dexagon,cl100k_base,29,can-undo,Archive the temporary dataset workspace; I can reverse this via the archive reopen within 30 days.,"Archive the temporary dataset workspace, can-undo(the archive reopen; 30d).",19,17,-2
4620b8885048023be93d04c9307a14218d45ff8f72e33654cce4c3e0d4e3f7b6,action-no-undo-action-can-undo-how-5,Dexagon,cl100k_base,30,can-undo,Disabled the reminder; I can reverse this via the reminder restore within 7 days.,"Disabled the reminder, can-undo(the reminder restore; 7d).",17,15,-2
4620b8885048023be93d04c9307a14218d45ff8f72e33654cce4c3e0d4e3f7b6,action-no-undo-action-can-undo-how-5,Dexagon,cl100k_base,31,can-undo,Discarded the buffered draft; I can reverse this via retrieving the intact draft buffer within 30 days.,"Discarded the buffered draft, can-undo(retrieving the intact draft buffer; 30d).",21,21,0
4620b8885048023be93d04c9307a14218d45ff8f72e33654cce4c3e0d4e3f7b6,action-no-undo-action-can-undo-how-5,Dexagon,o200k_base,0,no-undo,Shredded the receipt; I cannot reverse this.,"Shredded the receipt, no-undo.",11,10,-1
4620b8885048023be93d04c9307a14218d45ff8f72e33654cce4c3e0d4e3f7b6,action-no-undo-action-can-undo-how-5,Dexagon,o200k_base,1,no-undo,Sent the notification; I cannot reverse this.,"Sent the notification, no-undo.",9,8,-1
4620b8885048023be93d04c9307a14218d45ff8f72e33654cce4c3e0d4e3f7b6,action-no-undo-action-can-undo-how-5,Dexagon,o200k_base,2,no-undo,Broadcast the launch announcement; I cannot reverse this.,"Broadcast the launch announcement, no-undo.",10,9,-1
4620b8885048023be93d04c9307a14218d45ff8f72e33654cce4c3e0d4e3f7b6,action-no-undo-action-can-undo-how-5,Dexagon,o200k_base,3,no-undo,Destroyed the expired certificate; I cannot reverse this.,"Destroyed the expired certificate, no-undo.",10,9,-1
4620b8885048023be93d04c9307a14218d45ff8f72e33654cce4c3e0d4e3f7b6,action-no-undo-action-can-undo-how-5,Dexagon,o200k_base,4,no-undo,Deleted the sole calibration recording; I cannot reverse this.,"Deleted the sole calibration recording, no-undo.",11,10,-1
4620b8885048023be93d04c9307a14218d45ff8f72e33654cce4c3e0d4e3f7b6,action-no-undo-action-can-undo-how-5,Dexagon,o200k_base,5,no-undo,Overwrote the only copy of payroll; I cannot reverse this.,"Overwrote the only copy of payroll, no-undo.",14,13,-1
4620b8885048023be93d04c9307a14218d45ff8f72e33654cce4c3e0d4e3f7b6,action-no-undo-action-can-undo-how-5,Dexagon,o200k_base,6,no-undo,Published the private prototype photographs without redaction; I cannot reverse this.,"Published the private prototype photographs without redaction, no-undo.",14,13,-1
4620b8885048023be93d04c9307a14218d45ff8f72e33654cce4c3e0d4e3f7b6,action-no-undo-action-can-undo-how-5,Dexagon,o200k_base,7,no-undo,Incinerated the unique signed parcel delivery manifest; I cannot reverse this.,"Incinerated the unique signed parcel delivery manifest, no-undo.",15,14,-1
4620b8885048023be93d04c9307a14218d45ff8f72e33654cce4c3e0d4e3f7b6,action-no-undo-action-can-undo-how-5,Dexagon,o200k_base,8,no-undo,Transmit the credentials; I cannot reverse this.,"Transmit the credentials, no-undo.",9,8,-1
4620b8885048023be93d04c9307a14218d45ff8f72e33654cce4c3e0d4e3f7b6,action-no-undo-action-can-undo-how-5,Dexagon,o200k_base,9,no-undo,Erase the only backup; I cannot reverse this.,"Erase the only backup, no-undo.",10,9,-1
4620b8885048023be93d04c9307a14218d45ff8f72e33654cce4c3e0d4e3f7b6,action-no-undo-action-can-undo-how-5,Dexagon,o200k_base,10,no-undo,Reveal the sealed verdict; I cannot reverse this.,"Reveal the sealed verdict, no-undo.",10,9,-1
4620b8885048023be93d04c9307a14218d45ff8f72e33654cce4c3e0d4e3f7b6,action-no-undo-action-can-undo-how-5,Dexagon,o200k_base,11,no-undo,Destroy the sole recovery code; I cannot reverse this.,"Destroy the sole recovery code, no-undo.",11,10,-1
4620b8885048023be93d04c9307a14218d45ff8f72e33654cce4c3e0d4e3f7b6,action-no-undo-action-can-undo-how-5,Dexagon,o200k_base,12,no-undo,Overwrite the sole invoice export; I cannot reverse this.,"Overwrite the sole invoice export, no-undo.",11,10,-1
4620b8885048023be93d04c9307a14218d45ff8f72e33654cce4c3e0d4e3f7b6,action-no-undo-action-can-undo-how-5,Dexagon,o200k_base,13,no-undo,Publish the sensitive audit appendix; I cannot reverse this.,"Publish the sensitive audit appendix, no-undo.",11,10,-1
4620b8885048023be93d04c9307a14218d45ff8f72e33654cce4c3e0d4e3f7b6,action-no-undo-action-can-undo-how-5,Dexagon,o200k_base,14,no-undo,Shred the original paper voucher; I cannot reverse this.,"Shred the original paper voucher, no-undo.",12,11,-1
4620b8885048023be93d04c9307a14218d45ff8f72e33654cce4c3e0d4e3f7b6,action-no-undo-action-can-undo-how-5,Dexagon,o200k_base,15,no-undo,Discard the only remaining copy of telemetry; I cannot reverse this.,"Discard the only remaining copy of telemetry, no-undo.",13,12,-1
4620b8885048023be93d04c9307a14218d45ff8f72e33654cce4c3e0d4e3f7b6,action-no-undo-action-can-undo-how-5,Dexagon,o200k_base,16,can-undo,Unsubscribe the workspace; I can reverse this via the restore option; cost 5 credits.,"Unsubscribe the workspace, can-undo(the restore option; 5 credits).",19,16,-3
4620b8885048023be93d04c9307a14218d45ff8f72e33654cce4c3e0d4e3f7b6,action-no-undo-action-can-undo-how-5,Dexagon,o200k_base,17,can-undo,Downgraded the workspace storage tier; I can reverse this via the previous tier switch; cost 25 usd.,"Downgraded the workspace storage tier, can-undo(the previous tier switch; 25 usd).",24,21,-3
4620b8885048023be93d04c9307a14218d45ff8f72e33654cce4c3e0d4e3f7b6,action-no-undo-action-can-undo-how-5,Dexagon,o200k_base,18,can-undo,Transfer the project to archival ownership; the transfer administrator can reverse this via the signed ownership reversal form; cost 3 credits.,"Transfer the project to archival ownership, can-undo(the signed ownership reversal form; the transfer administrator; 3 credits).",25,24,-1
4620b8885048023be93d04c9307a14218d45ff8f72e33654cce4c3e0d4e3f7b6,action-no-undo-action-can-undo-how-5,Dexagon,o200k_base,19,can-undo,Lock the export channel; the channel owner can reverse this via the console unlock within 2 hours.,"Lock the export channel, can-undo(the console unlock; the channel owner; 2h).",20,20,0
4620b8885048023be93d04c9307a14218d45ff8f72e33654cce4c3e0d4e3f7b6,action-no-undo-action-can-undo-how-5,Dexagon,o200k_base,20,can-undo,Sealed the draft ledger against edits; the ledger custodian can reverse this via the temporary seal rollback within 14 days.,"Sealed the draft ledger against edits, can-undo(the temporary seal rollback; the ledger custodian; 14d).",25,25,0
4620b8885048023be93d04c9307a14218d45ff8f72e33654cce4c3e0d4e3f7b6,action-no-undo-action-can-undo-how-5,Dexagon,o200k_base,21,can-undo,Move the staged asset into quarantine; the asset custodian can reverse this via the quarantine restore within 1 day; cost 2 credits.,"Move the staged asset into quarantine, can-undo(the quarantine restore; the asset custodian; 1d; 2 credits).",28,27,-1
4620b8885048023be93d04c9307a14218d45ff8f72e33654cce4c3e0d4e3f7b6,action-no-undo-action-can-undo-how-5,Dexagon,o200k_base,22,can-undo,Revoke the contractor session access grant; the access administrator can reverse this via restoring the exact previous grant.,"Revoke the contractor session access grant, can-undo(restoring the exact previous grant; the access administrator).",21,22,1
4620b8885048023be93d04c9307a14218d45ff8f72e33654cce4c3e0d4e3f7b6,action-no-undo-action-can-undo-how-5,Dexagon,o200k_base,23,can-undo,Archived the scheduled batch; the batch owner can reverse this via the archive restore.,"Archived the scheduled batch, can-undo(the archive restore; the batch owner).",16,16,0
4620b8885048023be93d04c9307a14218d45ff8f72e33654cce4c3e0d4e3f7b6,action-no-undo-action-can-undo-how-5,Dexagon,o200k_base,24,can-undo,Suspended the dedicated processing queue; the queue owner can reverse this via the queue resume.,"Suspended the dedicated processing queue, can-undo(the queue resume; the queue owner).",18,18,0
4620b8885048023be93d04c9307a14218d45ff8f72e33654cce4c3e0d4e3f7b6,action-no-undo-action-can-undo-how-5,Dexagon,o200k_base,25,can-undo,Pause the timer; I can reverse this via the resume command.,"Pause the timer, can-undo(the resume command).",13,11,-2
4620b8885048023be93d04c9307a14218d45ff8f72e33654cce4c3e0d4e3f7b6,action-no-undo-action-can-undo-how-5,Dexagon,o200k_base,26,can-undo,Muted the incident channel; I can reverse this via restoring the prior notification setting.,"Muted the incident channel, can-undo(restoring the prior notification setting).",16,15,-1
4620b8885048023be93d04c9307a14218d45ff8f72e33654cce4c3e0d4e3f7b6,action-no-undo-action-can-undo-how-5,Dexagon,o200k_base,27,can-undo,Renamed the private temporary staging branch; I can reverse this via restoring the previous branch name.,"Renamed the private temporary staging branch, can-undo(restoring the previous branch name).",19,18,-1
4620b8885048023be93d04c9307a14218d45ff8f72e33654cce4c3e0d4e3f7b6,action-no-undo-action-can-undo-how-5,Dexagon,o200k_base,28,can-undo,Park the temporary compute allocation for recovery; I can reverse this via the allocation recovery procedure within 30 days; cost 80 usd.,"Park the temporary compute allocation for recovery, can-undo(the allocation recovery procedure; 30d; 80 usd).",27,24,-3
4620b8885048023be93d04c9307a14218d45ff8f72e33654cce4c3e0d4e3f7b6,action-no-undo-action-can-undo-how-5,Dexagon,o200k_base,29,can-undo,Archive the temporary dataset workspace; I can reverse this via the archive reopen within 30 days.,"Archive the temporary dataset workspace, can-undo(the archive reopen; 30d).",19,17,-2
4620b8885048023be93d04c9307a14218d45ff8f72e33654cce4c3e0d4e3f7b6,action-no-undo-action-can-undo-how-5,Dexagon,o200k_base,30,can-undo,Disabled the reminder; I can reverse this via the reminder restore within 7 days.,"Disabled the reminder, can-undo(the reminder restore; 7d).",17,15,-2
4620b8885048023be93d04c9307a14218d45ff8f72e33654cce4c3e0d4e3f7b6,action-no-undo-action-can-undo-how-5,Dexagon,o200k_base,31,can-undo,Discarded the buffered draft; I can reverse this via retrieving the intact draft buffer within 30 days.,"Discarded the buffered draft, can-undo(retrieving the intact draft buffer; 30d).",21,21,0
4620b8885048023be93d04c9307a14218d45ff8f72e33654cce4c3e0d4e3f7b6,action-no-undo-action-can-undo-how-5,Dexagon,p50k_base,0,no-undo,Shredded the receipt; I cannot reverse this.,"Shredded the receipt, no-undo.",11,10,-1
4620b8885048023be93d04c9307a14218d45ff8f72e33654cce4c3e0d4e3f7b6,action-no-undo-action-can-undo-how-5,Dexagon,p50k_base,1,no-undo,Sent the notification; I cannot reverse this.,"Sent the notification, no-undo.",9,8,-1
4620b8885048023be93d04c9307a14218d45ff8f72e33654cce4c3e0d4e3f7b6,action-no-undo-action-can-undo-how-5,Dexagon,p50k_base,2,no-undo,Broadcast the launch announcement; I cannot reverse this.,"Broadcast the launch announcement, no-undo.",11,10,-1
4620b8885048023be93d04c9307a14218d45ff8f72e33654cce4c3e0d4e3f7b6,action-no-undo-action-can-undo-how-5,Dexagon,p50k_base,3,no-undo,Destroyed the expired certificate; I cannot reverse this.,"Destroyed the expired certificate, no-undo.",11,10,-1
4620b8885048023be93d04c9307a14218d45ff8f72e33654cce4c3e0d4e3f7b6,action-no-undo-action-can-undo-how-5,Dexagon,p50k_base,4,no-undo,Deleted the sole calibration recording; I cannot reverse this.,"Deleted the sole calibration recording, no-undo.",12,11,-1
4620b8885048023be93d04c9307a14218d45ff8f72e33654cce4c3e0d4e3f7b6,action-no-undo-action-can-undo-how-5,Dexagon,p50k_base,5,no-undo,Overwrote the only copy of payroll; I cannot reverse this.,"Overwrote the only copy of payroll, no-undo.",13,12,-1
4620b8885048023be93d04c9307a14218d45ff8f72e33654cce4c3e0d4e3f7b6,action-no-undo-action-can-undo-how-5,Dexagon,p50k_base,6,no-undo,Published the private prototype photographs without redaction; I cannot reverse this.,"Published the private prototype photographs without redaction, no-undo.",14,13,-1
4620b8885048023be93d04c9307a14218d45ff8f72e33654cce4c3e0d4e3f7b6,action-no-undo-action-can-undo-how-5,Dexagon,p50k_base,7,no-undo,Incinerated the unique signed parcel delivery manifest; I cannot reverse this.,"Incinerated the unique signed parcel delivery manifest, no-undo.",15,14,-1
4620b8885048023be93d04c9307a14218d45ff8f72e33654cce4c3e0d4e3f7b6,action-no-undo-action-can-undo-how-5,Dexagon,p50k_base,8,no-undo,Transmit the credentials; I cannot reverse this.,"Transmit the credentials, no-undo.",10,9,-1
4620b8885048023be93d04c9307a14218d45ff8f72e33654cce4c3e0d4e3f7b6,action-no-undo-action-can-undo-how-5,Dexagon,p50k_base,9,no-undo,Erase the only backup; I cannot reverse this.,"Erase the only backup, no-undo.",11,10,-1
4620b8885048023be93d04c9307a14218d45ff8f72e33654cce4c3e0d4e3f7b6,action-no-undo-action-can-undo-how-5,Dexagon,p50k_base,10,no-undo,Reveal the sealed verdict; I cannot reverse this.,"Reveal the sealed verdict, no-undo.",12,11,-1
4620b8885048023be93d04c9307a14218d45ff8f72e33654cce4c3e0d4e3f7b6,action-no-undo-action-can-undo-how-5,Dexagon,p50k_base,11,no-undo,Destroy the sole recovery code; I cannot reverse this.,"Destroy the sole recovery code, no-undo.",11,10,-1
4620b8885048023be93d04c9307a14218d45ff8f72e33654cce4c3e0d4e3f7b6,action-no-undo-action-can-undo-how-5,Dexagon,p50k_base,12,no-undo,Overwrite the sole invoice export; I cannot reverse this.,"Overwrite the sole invoice export, no-undo.",12,11,-1
4620b8885048023be93d04c9307a14218d45ff8f72e33654cce4c3e0d4e3f7b6,action-no-undo-action-can-undo-how-5,Dexagon,p50k_base,13,no-undo,Publish the sensitive audit appendix; I cannot reverse this.,"Publish the sensitive audit appendix, no-undo.",12,11,-1
4620b8885048023be93d04c9307a14218d45ff8f72e33654cce4c3e0d4e3f7b6,action-no-undo-action-can-undo-how-5,Dexagon,p50k_base,14,no-undo,Shred the original paper voucher; I cannot reverse this.,"Shred the original paper voucher, no-undo.",12,11,-1
4620b8885048023be93d04c9307a14218d45ff8f72e33654cce4c3e0d4e3f7b6,action-no-undo-action-can-undo-how-5,Dexagon,p50k_base,15,no-undo,Discard the only remaining copy of telemetry; I cannot reverse this.,"Discard the only remaining copy of telemetry, no-undo.",15,14,-1
4620b8885048023be93d04c9307a14218d45ff8f72e33654cce4c3e0d4e3f7b6,action-no-undo-action-can-undo-how-5,Dexagon,p50k_base,16,can-undo,Unsubscribe the workspace; I can reverse this via the restore option; cost 5 credits.,"Unsubscribe the workspace, can-undo(the restore option; 5 credits).",19,17,-2
4620b8885048023be93d04c9307a14218d45ff8f72e33654cce4c3e0d4e3f7b6,action-no-undo-action-can-undo-how-5,Dexagon,p50k_base,17,can-undo,Downgraded the workspace storage tier; I can reverse this via the previous tier switch; cost 25 usd.,"Downgraded the workspace storage tier, can-undo(the previous tier switch; 25 usd).",22,20,-2
4620b8885048023be93d04c9307a14218d45ff8f72e33654cce4c3e0d4e3f7b6,action-no-undo-action-can-undo-how-5,Dexagon,p50k_base,18,can-undo,Transfer the project to archival ownership; the transfer administrator can reverse this via the signed ownership reversal form; cost 3 credits.,"Transfer the project to archival ownership, can-undo(the signed ownership reversal form; the transfer administrator; 3 credits).",25,25,0
4620b8885048023be93d04c9307a14218d45ff8f72e33654cce4c3e0d4e3f7b6,action-no-undo-action-can-undo-how-5,Dexagon,p50k_base,19,can-undo,Lock the export channel; the channel owner can reverse this via the console unlock within 2 hours.,"Lock the export channel, can-undo(the console unlock; the channel owner; 2h).",19,20,1
4620b8885048023be93d04c9307a14218d45ff8f72e33654cce4c3e0d4e3f7b6,action-no-undo-action-can-undo-how-5,Dexagon,p50k_base,20,can-undo,Sealed the draft ledger against edits; the ledger custodian can reverse this via the temporary seal rollback within 14 days.,"Sealed the draft ledger against edits, can-undo(the temporary seal rollback; the ledger custodian; 14d).",26,27,1
4620b8885048023be93d04c9307a14218d45ff8f72e33654cce4c3e0d4e3f7b6,action-no-undo-action-can-undo-how-5,Dexagon,p50k_base,21,can-undo,Move the staged asset into quarantine; the asset custodian can reverse this via the quarantine restore within 1 day; cost 2 credits.,"Move the staged asset into quarantine, can-undo(the quarantine restore; the asset custodian; 1d; 2 credits).",26,26,0
4620b8885048023be93d04c9307a14218d45ff8f72e33654cce4c3e0d4e3f7b6,action-no-undo-action-can-undo-how-5,Dexagon,p50k_base,22,can-undo,Revoke the contractor session access grant; the access administrator can reverse this via restoring the exact previous grant.,"Revoke the contractor session access grant, can-undo(restoring the exact previous grant; the access administrator).",21,23,2
4620b8885048023be93d04c9307a14218d45ff8f72e33654cce4c3e0d4e3f7b6,action-no-undo-action-can-undo-how-5,Dexagon,p50k_base,23,can-undo,Archived the scheduled batch; the batch owner can reverse this via the archive restore.,"Archived the scheduled batch, can-undo(the archive restore; the batch owner).",17,18,1
4620b8885048023be93d04c9307a14218d45ff8f72e33654cce4c3e0d4e3f7b6,action-no-undo-action-can-undo-how-5,Dexagon,p50k_base,24,can-undo,Suspended the dedicated processing queue; the queue owner can reverse this via the queue resume.,"Suspended the dedicated processing queue, can-undo(the queue resume; the queue owner).",19,20,1
4620b8885048023be93d04c9307a14218d45ff8f72e33654cce4c3e0d4e3f7b6,action-no-undo-action-can-undo-how-5,Dexagon,p50k_base,25,can-undo,Pause the timer; I can reverse this via the resume command.,"Pause the timer, can-undo(the resume command).",13,12,-1
4620b8885048023be93d04c9307a14218d45ff8f72e33654cce4c3e0d4e3f7b6,action-no-undo-action-can-undo-how-5,Dexagon,p50k_base,26,can-undo,Muted the incident channel; I can reverse this via restoring the prior notification setting.,"Muted the incident channel, can-undo(restoring the prior notification setting).",17,17,0
4620b8885048023be93d04c9307a14218d45ff8f72e33654cce4c3e0d4e3f7b6,action-no-undo-action-can-undo-how-5,Dexagon,p50k_base,27,can-undo,Renamed the private temporary staging branch; I can reverse this via restoring the previous branch name.,"Renamed the private temporary staging branch, can-undo(restoring the previous branch name).",19,19,0
4620b8885048023be93d04c9307a14218d45ff8f72e33654cce4c3e0d4e3f7b6,action-no-undo-action-can-undo-how-5,Dexagon,p50k_base,28,can-undo,Park the temporary compute allocation for recovery; I can reverse this via the allocation recovery procedure within 30 days; cost 80 usd.,"Park the temporary compute allocation for recovery, can-undo(the allocation recovery procedure; 30d; 80 usd).",26,24,-2
4620b8885048023be93d04c9307a14218d45ff8f72e33654cce4c3e0d4e3f7b6,action-no-undo-action-can-undo-how-5,Dexagon,p50k_base,29,can-undo,Archive the temporary dataset workspace; I can reverse this via the archive reopen within 30 days.,"Archive the temporary dataset workspace, can-undo(the archive reopen; 30d).",19,18,-1
4620b8885048023be93d04c9307a14218d45ff8f72e33654cce4c3e0d4e3f7b6,action-no-undo-action-can-undo-how-5,Dexagon,p50k_base,30,can-undo,Disabled the reminder; I can reverse this via the reminder restore within 7 days.,"Disabled the reminder, can-undo(the reminder restore; 7d).",17,16,-1
4620b8885048023be93d04c9307a14218d45ff8f72e33654cce4c3e0d4e3f7b6,action-no-undo-action-can-undo-how-5,Dexagon,p50k_base,31,can-undo,Discarded the buffered draft; I can reverse this via retrieving the intact draft buffer within 30 days.,"Discarded the buffered draft, can-undo(retrieving the intact draft buffer; 30d).",21,21,0
53fd5a6504f5a89dd858e7c1c2a8cca03add66e58c8b396bc90db69483f7fe68,impact-recovered / cause-resolved incident-handoff axes,Saturnia,cl100k_base,0,impact-recovered,"In promo-rule-drift, the declared impact was absent under the resolved discount-path-probe check at 05:35.",promo-rule-drift impact-recovered(discount-path-probe@05:35),25,17,-8
53fd5a6504f5a89dd858e7c1c2a8cca03add66e58c8b396bc90db69483f7fe68,impact-recovered / cause-resolved incident-handoff axes,Saturnia,cl100k_base,1,impact-recovered,"In refund-webhook-delay, the declared impact was absent under the resolved refund-latency-probe check at 17:10.",refund-webhook-delay impact-recovered(refund-latency-probe@17:10),26,18,-8
53fd5a6504f5a89dd858e7c1c2a8cca03add66e58c8b396bc90db69483f7fe68,impact-recovered / cause-resolved incident-handoff axes,Saturnia,cl100k_base,2,impact-recovered,"In inventory-badge-stale, the declared impact was absent under the resolved stock-age-probe check at 22:25.",inventory-badge-stale impact-recovered(stock-age-probe@22:25),25,16,-9
53fd5a6504f5a89dd858e7c1c2a8cca03add66e58c8b396bc90db69483f7fe68,impact-recovered / cause-resolved incident-handoff axes,Saturnia,cl100k_base,3,impact-recovered,"In sorter-belt-slip, the declared impact was absent under the resolved belt-speed-probe check at 10:45.",sorter-belt-slip impact-recovered(belt-speed-probe@10:45),26,19,-7
53fd5a6504f5a89dd858e7c1c2a8cca03add66e58c8b396bc90db69483f7fe68,impact-recovered / cause-resolved incident-handoff axes,Saturnia,cl100k_base,4,impact-recovered,"In coolant-valve-chatter, the declared impact was absent under the resolved flow-stability-probe check at 02:55.",coolant-valve-chatter impact-recovered(flow-stability-probe@02:55),27,19,-8
53fd5a6504f5a89dd858e7c1c2a8cca03add66e58c8b396bc90db69483f7fe68,impact-recovered / cause-resolved incident-handoff axes,Saturnia,cl100k_base,5,impact-recovered,"In bay-label-conflict, the declared impact was absent under the resolved bin-location-probe check at 06:15.",bay-label-conflict impact-recovered(bin-location-probe@06:15),25,16,-9
53fd5a6504f5a89dd858e7c1c2a8cca03add66e58c8b396bc90db69483f7fe68,impact-recovered / cause-resolved incident-handoff axes,Saturnia,cl100k_base,6,impact-recovered,"In picking-wave-delay, the declared impact was absent under the resolved wave-throughput-probe check at 15:40.",picking-wave-delay impact-recovered(wave-throughput-probe@15:40),25,18,-7
53fd5a6504f5a89dd858e7c1c2a8cca03add66e58c8b396bc90db69483f7fe68,impact-recovered / cause-resolved incident-handoff axes,Saturnia,cl100k_base,7,impact-recovered,"In manifest-route-mismatch, the declared impact was absent under the resolved route-consistency-probe check at 08:50.",manifest-route-mismatch impact-recovered(route-consistency-probe@08:50),26,17,-9
53fd5a6504f5a89dd858e7c1c2a8cca03add66e58c8b396bc90db69483f7fe68,impact-recovered / cause-resolved incident-handoff axes,Saturnia,cl100k_base,8,impact-recovered,"In container-seal-alert, the declared impact was absent under the resolved seal-status-probe check at 13:30.",container-seal-alert impact-recovered(seal-status-probe@13:30),25,17,-8
53fd5a6504f5a89dd858e7c1c2a8cca03add66e58c8b396bc90db69483f7fe68,impact-recovered / cause-resolved incident-handoff axes,Saturnia,cl100k_base,9,impact-recovered,"In transfer-window-miss, the declared impact was absent under the resolved arrival-window-probe check at 19:05.",transfer-window-miss impact-recovered(arrival-window-probe@19:05),25,17,-8
53fd5a6504f5a89dd858e7c1c2a8cca03add66e58c8b396bc90db69483f7fe68,impact-recovered / cause-resolved incident-handoff axes,Saturnia,cl100k_base,10,impact-recovered,"In approval-chain-gap, the declared impact was absent under the resolved approval-path-probe check at 11:25.",approval-chain-gap impact-recovered(approval-path-probe@11:25),24,17,-7
53fd5a6504f5a89dd858e7c1c2a8cca03add66e58c8b396bc90db69483f7fe68,impact-recovered / cause-resolved incident-handoff axes,Saturnia,cl100k_base,11,impact-recovered,"In export-watermark-loss, the declared impact was absent under the resolved watermark-presence-probe check at 04:40.",export-watermark-loss impact-recovered(watermark-presence-probe@04:40),26,19,-7
53fd5a6504f5a89dd858e7c1c2a8cca03add66e58c8b396bc90db69483f7fe68,impact-recovered / cause-resolved incident-handoff axes,Saturnia,cl100k_base,12,impact-recovered,"In record-lock-conflict, the declared impact was absent under the resolved lock-state-probe check at 20:15.",record-lock-conflict impact-recovered(lock-state-probe@20:15),25,16,-9
53fd5a6504f5a89dd858e7c1c2a8cca03add66e58c8b396bc90db69483f7fe68,impact-recovered / cause-resolved incident-handoff axes,Saturnia,cl100k_base,13,impact-recovered,"In badge-printer-backlog, the declared impact was absent under the resolved print-latency-probe check at 07:05.",badge-printer-backlog impact-recovered(print-latency-probe@07:05),27,18,-9
53fd5a6504f5a89dd858e7c1c2a8cca03add66e58c8b396bc90db69483f7fe68,impact-recovered / cause-resolved incident-handoff axes,Saturnia,cl100k_base,14,impact-recovered,"In hall-display-blackout, the declared impact was absent under the resolved display-output-probe check at 18:25.",hall-display-blackout impact-recovered(display-output-probe@18:25),25,16,-9
53fd5a6504f5a89dd858e7c1c2a8cca03add66e58c8b396bc90db69483f7fe68,impact-recovered / cause-resolved incident-handoff axes,Saturnia,cl100k_base,15,impact-recovered,"In seating-map-desync, the declared impact was absent under the resolved map-freshness-probe check at 12:35.",seating-map-desync impact-recovered(map-freshness-probe@12:35),27,19,-8
53fd5a6504f5a89dd858e7c1c2a8cca03add66e58c8b396bc90db69483f7fe68,impact-recovered / cause-resolved incident-handoff axes,Saturnia,cl100k_base,16,cause-resolved,"In promo-rule-drift, causal mechanism stale-promotion-snapshot was removed and the resolved promotion-replay-suite test passed.","promo-rule-drift cause-resolved(stale-promotion-snapshot, checked-by=promotion-replay-suite)",25,23,-2
53fd5a6504f5a89dd858e7c1c2a8cca03add66e58c8b396bc90db69483f7fe68,impact-recovered / cause-resolved incident-handoff axes,Saturnia,cl100k_base,17,cause-resolved,"In refund-webhook-delay, causal mechanism blocked-callback-worker was removed and the resolved callback-drain-test test passed.","refund-webhook-delay cause-resolved(blocked-callback-worker, checked-by=callback-drain-test)",24,21,-3
53fd5a6504f5a89dd858e7c1c2a8cca03add66e58c8b396bc90db69483f7fe68,impact-recovered / cause-resolved incident-handoff axes,Saturnia,cl100k_base,18,cause-resolved,"In inventory-badge-stale, causal mechanism skipped-catalog-invalidation was removed and the resolved catalog-refresh-test test passed.","inventory-badge-stale cause-resolved(skipped-catalog-invalidation, checked-by=catalog-refresh-test)",24,21,-3
53fd5a6504f5a89dd858e7c1c2a8cca03add66e58c8b396bc90db69483f7fe68,impact-recovered / cause-resolved incident-handoff axes,Saturnia,cl100k_base,19,cause-resolved,"In sorter-belt-slip, causal mechanism loose-drive-tensioner was removed and the resolved tension-load-test test passed.","sorter-belt-slip cause-resolved(loose-drive-tensioner, checked-by=tension-load-test)",25,23,-2
53fd5a6504f5a89dd858e7c1c2a8cca03add66e58c8b396bc90db69483f7fe68,impact-recovered / cause-resolved incident-handoff axes,Saturnia,cl100k_base,20,cause-resolved,"In coolant-valve-chatter, causal mechanism worn-actuator-bushing was removed and the resolved valve-cycle-test test passed.","coolant-valve-chatter cause-resolved(worn-actuator-bushing, checked-by=valve-cycle-test)",26,24,-2
53fd5a6504f5a89dd858e7c1c2a8cca03add66e58c8b396bc90db69483f7fe68,impact-recovered / cause-resolved incident-handoff axes,Saturnia,cl100k_base,21,cause-resolved,"In bay-label-conflict, causal mechanism duplicated-slot-assignment was removed and the resolved relabel-audit-test test passed.","bay-label-conflict cause-resolved(duplicated-slot-assignment, checked-by=relabel-audit-test)",25,21,-4
53fd5a6504f5a89dd858e7c1c2a8cca03add66e58c8b396bc90db69483f7fe68,impact-recovered / cause-resolved incident-handoff axes,Saturnia,cl100k_base,22,cause-resolved,"In picking-wave-delay, causal mechanism stalled-batch-release was removed and the resolved batch-release-test test passed.","picking-wave-delay cause-resolved(stalled-batch-release, checked-by=batch-release-test)",22,19,-3
53fd5a6504f5a89dd858e7c1c2a8cca03add66e58c8b396bc90db69483f7fe68,impact-recovered / cause-resolved incident-handoff axes,Saturnia,cl100k_base,23,cause-resolved,"In manifest-route-mismatch, causal mechanism outdated-carrier-mapping was removed and the resolved dispatch-replay-test test passed.","manifest-route-mismatch cause-resolved(outdated-carrier-mapping, checked-by=dispatch-replay-test)",25,22,-3
53fd5a6504f5a89dd858e7c1c2a8cca03add66e58c8b396bc90db69483f7fe68,impact-recovered / cause-resolved incident-handoff axes,Saturnia,cl100k_base,24,cause-resolved,"In container-seal-alert, causal mechanism misread-sensor-threshold was removed and the resolved seal-sensor-test test passed.","container-seal-alert cause-resolved(misread-sensor-threshold, checked-by=seal-sensor-test)",26,24,-2
53fd5a6504f5a89dd858e7c1c2a8cca03add66e58c8b396bc90db69483f7fe68,impact-recovered / cause-resolved incident-handoff axes,Saturnia,cl100k_base,25,cause-resolved,"In transfer-window-miss, causal mechanism incorrect-terminal-offset was removed and the resolved schedule-replay-test test passed.","transfer-window-miss cause-resolved(incorrect-terminal-offset, checked-by=schedule-replay-test)",23,20,-3
53fd5a6504f5a89dd858e7c1c2a8cca03add66e58c8b396bc90db69483f7fe68,impact-recovered / cause-resolved incident-handoff axes,Saturnia,cl100k_base,26,cause-resolved,"In approval-chain-gap, causal mechanism omitted-reviewer-rule was removed and the resolved approval-sequence-test test passed.","approval-chain-gap cause-resolved(omitted-reviewer-rule, checked-by=approval-sequence-test)",23,21,-2
53fd5a6504f5a89dd858e7c1c2a8cca03add66e58c8b396bc90db69483f7fe68,impact-recovered / cause-resolved incident-handoff axes,Saturnia,cl100k_base,27,cause-resolved,"In export-watermark-loss, causal mechanism disabled-rendering-layer was removed and the resolved rendering-regression-test test passed.","export-watermark-loss cause-resolved(disabled-rendering-layer, checked-by=rendering-regression-test)",24,22,-2
53fd5a6504f5a89dd858e7c1c2a8cca03add66e58c8b396bc90db69483f7fe68,impact-recovered / cause-resolved incident-handoff axes,Saturnia,cl100k_base,28,cause-resolved,"In record-lock-conflict, causal mechanism stale-lock-owner was removed and the resolved lock-release-test test passed.","record-lock-conflict cause-resolved(stale-lock-owner, checked-by=lock-release-test)",22,19,-3
53fd5a6504f5a89dd858e7c1c2a8cca03add66e58c8b396bc90db69483f7fe68,impact-recovered / cause-resolved incident-handoff axes,Saturnia,cl100k_base,29,cause-resolved,"In badge-printer-backlog, causal mechanism exhausted-spool-capacity was removed and the resolved badge-burst-test test passed.","badge-printer-backlog cause-resolved(exhausted-spool-capacity, checked-by=badge-burst-test)",26,24,-2
53fd5a6504f5a89dd858e7c1c2a8cca03add66e58c8b396bc90db69483f7fe68,impact-recovered / cause-resolved incident-handoff axes,Saturnia,cl100k_base,30,cause-resolved,"In hall-display-blackout, causal mechanism failed-video-converter was removed and the resolved display-signal-test test passed.","hall-display-blackout cause-resolved(failed-video-converter, checked-by=display-signal-test)",24,21,-3
53fd5a6504f5a89dd858e7c1c2a8cca03add66e58c8b396bc90db69483f7fe68,impact-recovered / cause-resolved incident-handoff axes,Saturnia,cl100k_base,31,cause-resolved,"In seating-map-desync, causal mechanism delayed-layout-publish was removed and the resolved map-refresh-test test passed.","seating-map-desync cause-resolved(delayed-layout-publish, checked-by=map-refresh-test)",22,20,-2
53fd5a6504f5a89dd858e7c1c2a8cca03add66e58c8b396bc90db69483f7fe68,impact-recovered / cause-resolved incident-handoff axes,Saturnia,o200k_base,0,impact-recovered,"In promo-rule-drift, the declared impact was absent under the resolved discount-path-probe check at 05:35.",promo-rule-drift impact-recovered(discount-path-probe@05:35),25,17,-8
53fd5a6504f5a89dd858e7c1c2a8cca03add66e58c8b396bc90db69483f7fe68,impact-recovered / cause-resolved incident-handoff axes,Saturnia,o200k_base,1,impact-recovered,"In refund-webhook-delay, the declared impact was absent under the resolved refund-latency-probe check at 17:10.",refund-webhook-delay impact-recovered(refund-latency-probe@17:10),27,19,-8
53fd5a6504f5a89dd858e7c1c2a8cca03add66e58c8b396bc90db69483f7fe68,impact-recovered / cause-resolved incident-handoff axes,Saturnia,o200k_base,2,impact-recovered,"In inventory-badge-stale, the declared impact was absent under the resolved stock-age-probe check at 22:25.",inventory-badge-stale impact-recovered(stock-age-probe@22:25),26,17,-9
53fd5a6504f5a89dd858e7c1c2a8cca03add66e58c8b396bc90db69483f7fe68,impact-recovered / cause-resolved incident-handoff axes,Saturnia,o200k_base,3,impact-recovered,"In sorter-belt-slip, the declared impact was absent under the resolved belt-speed-probe check at 10:45.",sorter-belt-slip impact-recovered(belt-speed-probe@10:45),25,18,-7
53fd5a6504f5a89dd858e7c1c2a8cca03add66e58c8b396bc90db69483f7fe68,impact-recovered / cause-resolved incident-handoff axes,Saturnia,o200k_base,4,impact-recovered,"In coolant-valve-chatter, the declared impact was absent under the resolved flow-stability-probe check at 02:55.",coolant-valve-chatter impact-recovered(flow-stability-probe@02:55),27,19,-8
53fd5a6504f5a89dd858e7c1c2a8cca03add66e58c8b396bc90db69483f7fe68,impact-recovered / cause-resolved incident-handoff axes,Saturnia,o200k_base,5,impact-recovered,"In bay-label-conflict, the declared impact was absent under the resolved bin-location-probe check at 06:15.",bay-label-conflict impact-recovered(bin-location-probe@06:15),25,16,-9
53fd5a6504f5a89dd858e7c1c2a8cca03add66e58c8b396bc90db69483f7fe68,impact-recovered / cause-resolved incident-handoff axes,Saturnia,o200k_base,6,impact-recovered,"In picking-wave-delay, the declared impact was absent under the resolved wave-throughput-probe check at 15:40.",picking-wave-delay impact-recovered(wave-throughput-probe@15:40),25,18,-7
53fd5a6504f5a89dd858e7c1c2a8cca03add66e58c8b396bc90db69483f7fe68,impact-recovered / cause-resolved incident-handoff axes,Saturnia,o200k_base,7,impact-recovered,"In manifest-route-mismatch, the declared impact was absent under the resolved route-consistency-probe check at 08:50.",manifest-route-mismatch impact-recovered(route-consistency-probe@08:50),26,17,-9
53fd5a6504f5a89dd858e7c1c2a8cca03add66e58c8b396bc90db69483f7fe68,impact-recovered / cause-resolved incident-handoff axes,Saturnia,o200k_base,8,impact-recovered,"In container-seal-alert, the declared impact was absent under the resolved seal-status-probe check at 13:30.",container-seal-alert impact-recovered(seal-status-probe@13:30),25,17,-8
53fd5a6504f5a89dd858e7c1c2a8cca03add66e58c8b396bc90db69483f7fe68,impact-recovered / cause-resolved incident-handoff axes,Saturnia,o200k_base,9,impact-recovered,"In transfer-window-miss, the declared impact was absent under the resolved arrival-window-probe check at 19:05.",transfer-window-miss impact-recovered(arrival-window-probe@19:05),25,17,-8
53fd5a6504f5a89dd858e7c1c2a8cca03add66e58c8b396bc90db69483f7fe68,impact-recovered / cause-resolved incident-handoff axes,Saturnia,o200k_base,10,impact-recovered,"In approval-chain-gap, the declared impact was absent under the resolved approval-path-probe check at 11:25.",approval-chain-gap impact-recovered(approval-path-probe@11:25),24,16,-8
53fd5a6504f5a89dd858e7c1c2a8cca03add66e58c8b396bc90db69483f7fe68,impact-recovered / cause-resolved incident-handoff axes,Saturnia,o200k_base,11,impact-recovered,"In export-watermark-loss, the declared impact was absent under the resolved watermark-presence-probe check at 04:40.",export-watermark-loss impact-recovered(watermark-presence-probe@04:40),26,19,-7
53fd5a6504f5a89dd858e7c1c2a8cca03add66e58c8b396bc90db69483f7fe68,impact-recovered / cause-resolved incident-handoff axes,Saturnia,o200k_base,12,impact-recovered,"In record-lock-conflict, the declared impact was absent under the resolved lock-state-probe check at 20:15.",record-lock-conflict impact-recovered(lock-state-probe@20:15),25,16,-9
53fd5a6504f5a89dd858e7c1c2a8cca03add66e58c8b396bc90db69483f7fe68,impact-recovered / cause-resolved incident-handoff axes,Saturnia,o200k_base,13,impact-recovered,"In badge-printer-backlog, the declared impact was absent under the resolved print-latency-probe check at 07:05.",badge-printer-backlog impact-recovered(print-latency-probe@07:05),28,19,-9
53fd5a6504f5a89dd858e7c1c2a8cca03add66e58c8b396bc90db69483f7fe68,impact-recovered / cause-resolved incident-handoff axes,Saturnia,o200k_base,14,impact-recovered,"In hall-display-blackout, the declared impact was absent under the resolved display-output-probe check at 18:25.",hall-display-blackout impact-recovered(display-output-probe@18:25),25,16,-9
53fd5a6504f5a89dd858e7c1c2a8cca03add66e58c8b396bc90db69483f7fe68,impact-recovered / cause-resolved incident-handoff axes,Saturnia,o200k_base,15,impact-recovered,"In seating-map-desync, the declared impact was absent under the resolved map-freshness-probe check at 12:35.",seating-map-desync impact-recovered(map-freshness-probe@12:35),27,19,-8
53fd5a6504f5a89dd858e7c1c2a8cca03add66e58c8b396bc90db69483f7fe68,impact-recovered / cause-resolved incident-handoff axes,Saturnia,o200k_base,16,cause-resolved,"In promo-rule-drift, causal mechanism stale-promotion-snapshot was removed and the resolved promotion-replay-suite test passed.","promo-rule-drift cause-resolved(stale-promotion-snapshot, checked-by=promotion-replay-suite)",25,22,-3
53fd5a6504f5a89dd858e7c1c2a8cca03add66e58c8b396bc90db69483f7fe68,impact-recovered / cause-resolved incident-handoff axes,Saturnia,o200k_base,17,cause-resolved,"In refund-webhook-delay, causal mechanism blocked-callback-worker was removed and the resolved callback-drain-test test passed.","refund-webhook-delay cause-resolved(blocked-callback-worker, checked-by=callback-drain-test)",24,21,-3
53fd5a6504f5a89dd858e7c1c2a8cca03add66e58c8b396bc90db69483f7fe68,impact-recovered / cause-resolved incident-handoff axes,Saturnia,o200k_base,18,cause-resolved,"In inventory-badge-stale, causal mechanism skipped-catalog-invalidation was removed and the resolved catalog-refresh-test test passed.","inventory-badge-stale cause-resolved(skipped-catalog-invalidation, checked-by=catalog-refresh-test)",25,22,-3
53fd5a6504f5a89dd858e7c1c2a8cca03add66e58c8b396bc90db69483f7fe68,impact-recovered / cause-resolved incident-handoff axes,Saturnia,o200k_base,19,cause-resolved,"In sorter-belt-slip, causal mechanism loose-drive-tensioner was removed and the resolved tension-load-test test passed.","sorter-belt-slip cause-resolved(loose-drive-tensioner, checked-by=tension-load-test)",24,22,-2
53fd5a6504f5a89dd858e7c1c2a8cca03add66e58c8b396bc90db69483f7fe68,impact-recovered / cause-resolved incident-handoff axes,Saturnia,o200k_base,20,cause-resolved,"In coolant-valve-chatter, causal mechanism worn-actuator-bushing was removed and the resolved valve-cycle-test test passed.","coolant-valve-chatter cause-resolved(worn-actuator-bushing, checked-by=valve-cycle-test)",25,24,-1
53fd5a6504f5a89dd858e7c1c2a8cca03add66e58c8b396bc90db69483f7fe68,impact-recovered / cause-resolved incident-handoff axes,Saturnia,o200k_base,21,cause-resolved,"In bay-label-conflict, causal mechanism duplicated-slot-assignment was removed and the resolved relabel-audit-test test passed.","bay-label-conflict cause-resolved(duplicated-slot-assignment, checked-by=relabel-audit-test)",25,22,-3
53fd5a6504f5a89dd858e7c1c2a8cca03add66e58c8b396bc90db69483f7fe68,impact-recovered / cause-resolved incident-handoff axes,Saturnia,o200k_base,22,cause-resolved,"In picking-wave-delay, causal mechanism stalled-batch-release was removed and the resolved batch-release-test test passed.","picking-wave-delay cause-resolved(stalled-batch-release, checked-by=batch-release-test)",22,19,-3
53fd5a6504f5a89dd858e7c1c2a8cca03add66e58c8b396bc90db69483f7fe68,impact-recovered / cause-resolved incident-handoff axes,Saturnia,o200k_base,23,cause-resolved,"In manifest-route-mismatch, causal mechanism outdated-carrier-mapping was removed and the resolved dispatch-replay-test test passed.","manifest-route-mismatch cause-resolved(outdated-carrier-mapping, checked-by=dispatch-replay-test)",25,22,-3
53fd5a6504f5a89dd858e7c1c2a8cca03add66e58c8b396bc90db69483f7fe68,impact-recovered / cause-resolved incident-handoff axes,Saturnia,o200k_base,24,cause-resolved,"In container-seal-alert, causal mechanism misread-sensor-threshold was removed and the resolved seal-sensor-test test passed.","container-seal-alert cause-resolved(misread-sensor-threshold, checked-by=seal-sensor-test)",26,23,-3
53fd5a6504f5a89dd858e7c1c2a8cca03add66e58c8b396bc90db69483f7fe68,impact-recovered / cause-resolved incident-handoff axes,Saturnia,o200k_base,25,cause-resolved,"In transfer-window-miss, causal mechanism incorrect-terminal-offset was removed and the resolved schedule-replay-test test passed.","transfer-window-miss cause-resolved(incorrect-terminal-offset, checked-by=schedule-replay-test)",23,20,-3
53fd5a6504f5a89dd858e7c1c2a8cca03add66e58c8b396bc90db69483f7fe68,impact-recovered / cause-resolved incident-handoff axes,Saturnia,o200k_base,26,cause-resolved,"In approval-chain-gap, causal mechanism omitted-reviewer-rule was removed and the resolved approval-sequence-test test passed.","approval-chain-gap cause-resolved(omitted-reviewer-rule, checked-by=approval-sequence-test)",23,21,-2
53fd5a6504f5a89dd858e7c1c2a8cca03add66e58c8b396bc90db69483f7fe68,impact-recovered / cause-resolved incident-handoff axes,Saturnia,o200k_base,27,cause-resolved,"In export-watermark-loss, causal mechanism disabled-rendering-layer was removed and the resolved rendering-regression-test test passed.","export-watermark-loss cause-resolved(disabled-rendering-layer, checked-by=rendering-regression-test)",24,22,-2
53fd5a6504f5a89dd858e7c1c2a8cca03add66e58c8b396bc90db69483f7fe68,impact-recovered / cause-resolved incident-handoff axes,Saturnia,o200k_base,28,cause-resolved,"In record-lock-conflict, causal mechanism stale-lock-owner was removed and the resolved lock-release-test test passed.","record-lock-conflict cause-resolved(stale-lock-owner, checked-by=lock-release-test)",22,19,-3
53fd5a6504f5a89dd858e7c1c2a8cca03add66e58c8b396bc90db69483f7fe68,impact-recovered / cause-resolved incident-handoff axes,Saturnia,o200k_base,29,cause-resolved,"In badge-printer-backlog, causal mechanism exhausted-spool-capacity was removed and the resolved badge-burst-test test passed.","badge-printer-backlog cause-resolved(exhausted-spool-capacity, checked-by=badge-burst-test)",26,24,-2
53fd5a6504f5a89dd858e7c1c2a8cca03add66e58c8b396bc90db69483f7fe68,impact-recovered / cause-resolved incident-handoff axes,Saturnia,o200k_base,30,cause-resolved,"In hall-display-blackout, causal mechanism failed-video-converter was removed and the resolved display-signal-test test passed.","hall-display-blackout cause-resolved(failed-video-converter, checked-by=display-signal-test)",24,21,-3
53fd5a6504f5a89dd858e7c1c2a8cca03add66e58c8b396bc90db69483f7fe68,impact-recovered / cause-resolved incident-handoff axes,Saturnia,o200k_base,31,cause-resolved,"In seating-map-desync, causal mechanism delayed-layout-publish was removed and the resolved map-refresh-test test passed.","seating-map-desync cause-resolved(delayed-layout-publish, checked-by=map-refresh-test)",23,21,-2
53fd5a6504f5a89dd858e7c1c2a8cca03add66e58c8b396bc90db69483f7fe68,impact-recovered / cause-resolved incident-handoff axes,Saturnia,p50k_base,0,impact-recovered,"In promo-rule-drift, the declared impact was absent under the resolved discount-path-probe check at 05:35.",promo-rule-drift impact-recovered(discount-path-probe@05:35),28,24,-4
53fd5a6504f5a89dd858e7c1c2a8cca03add66e58c8b396bc90db69483f7fe68,impact-recovered / cause-resolved incident-handoff axes,Saturnia,p50k_base,1,impact-recovered,"In refund-webhook-delay, the declared impact was absent under the resolved refund-latency-probe check at 17:10.",refund-webhook-delay impact-recovered(refund-latency-probe@17:10),29,25,-4
53fd5a6504f5a89dd858e7c1c2a8cca03add66e58c8b396bc90db69483f7fe68,impact-recovered / cause-resolved incident-handoff axes,Saturnia,p50k_base,2,impact-recovered,"In inventory-badge-stale, the declared impact was absent under the resolved stock-age-probe check at 22:25.",inventory-badge-stale impact-recovered(stock-age-probe@22:25),29,23,-6
53fd5a6504f5a89dd858e7c1c2a8cca03add66e58c8b396bc90db69483f7fe68,impact-recovered / cause-resolved incident-handoff axes,Saturnia,p50k_base,3,impact-recovered,"In sorter-belt-slip, the declared impact was absent under the resolved belt-speed-probe check at 10:45.",sorter-belt-slip impact-recovered(belt-speed-probe@10:45),29,23,-6
53fd5a6504f5a89dd858e7c1c2a8cca03add66e58c8b396bc90db69483f7fe68,impact-recovered / cause-resolved incident-handoff axes,Saturnia,p50k_base,4,impact-recovered,"In coolant-valve-chatter, the declared impact was absent under the resolved flow-stability-probe check at 02:55.",coolant-valve-chatter impact-recovered(flow-stability-probe@02:55),31,25,-6
53fd5a6504f5a89dd858e7c1c2a8cca03add66e58c8b396bc90db69483f7fe68,impact-recovered / cause-resolved incident-handoff axes,Saturnia,p50k_base,5,impact-recovered,"In bay-label-conflict, the declared impact was absent under the resolved bin-location-probe check at 06:15.",bay-label-conflict impact-recovered(bin-location-probe@06:15),28,22,-6
53fd5a6504f5a89dd858e7c1c2a8cca03add66e58c8b396bc90db69483f7fe68,impact-recovered / cause-resolved incident-handoff axes,Saturnia,p50k_base,6,impact-recovered,"In picking-wave-delay, the declared impact was absent under the resolved wave-throughput-probe check at 15:40.",picking-wave-delay impact-recovered(wave-throughput-probe@15:40),28,22,-6
53fd5a6504f5a89dd858e7c1c2a8cca03add66e58c8b396bc90db69483f7fe68,impact-recovered / cause-resolved incident-handoff axes,Saturnia,p50k_base,7,impact-recovered,"In manifest-route-mismatch, the declared impact was absent under the resolved route-consistency-probe check at 08:50.",manifest-route-mismatch impact-recovered(route-consistency-probe@08:50),31,26,-5
53fd5a6504f5a89dd858e7c1c2a8cca03add66e58c8b396bc90db69483f7fe68,impact-recovered / cause-resolved incident-handoff axes,Saturnia,p50k_base,8,impact-recovered,"In container-seal-alert, the declared impact was absent under the resolved seal-status-probe check at 13:30.",container-seal-alert impact-recovered(seal-status-probe@13:30),28,23,-5
53fd5a6504f5a89dd858e7c1c2a8cca03add66e58c8b396bc90db69483f7fe68,impact-recovered / cause-resolved incident-handoff axes,Saturnia,p50k_base,9,impact-recovered,"In transfer-window-miss, the declared impact was absent under the resolved arrival-window-probe check at 19:05.",transfer-window-miss impact-recovered(arrival-window-probe@19:05),27,22,-5
53fd5a6504f5a89dd858e7c1c2a8cca03add66e58c8b396bc90db69483f7fe68,impact-recovered / cause-resolved incident-handoff axes,Saturnia,p50k_base,10,impact-recovered,"In approval-chain-gap, the declared impact was absent under the resolved approval-path-probe check at 11:25.",approval-chain-gap impact-recovered(approval-path-probe@11:25),27,23,-4
53fd5a6504f5a89dd858e7c1c2a8cca03add66e58c8b396bc90db69483f7fe68,impact-recovered / cause-resolved incident-handoff axes,Saturnia,p50k_base,11,impact-recovered,"In export-watermark-loss, the declared impact was absent under the resolved watermark-presence-probe check at 04:40.",export-watermark-loss impact-recovered(watermark-presence-probe@04:40),30,24,-6
53fd5a6504f5a89dd858e7c1c2a8cca03add66e58c8b396bc90db69483f7fe68,impact-recovered / cause-resolved incident-handoff axes,Saturnia,p50k_base,12,impact-recovered,"In record-lock-conflict, the declared impact was absent under the resolved lock-state-probe check at 20:15.",record-lock-conflict impact-recovered(lock-state-probe@20:15),28,22,-6
53fd5a6504f5a89dd858e7c1c2a8cca03add66e58c8b396bc90db69483f7fe68,impact-recovered / cause-resolved incident-handoff axes,Saturnia,p50k_base,13,impact-recovered,"In badge-printer-backlog, the declared impact was absent under the resolved print-latency-probe check at 07:05.",badge-printer-backlog impact-recovered(print-latency-probe@07:05),30,25,-5
53fd5a6504f5a89dd858e7c1c2a8cca03add66e58c8b396bc90db69483f7fe68,impact-recovered / cause-resolved incident-handoff axes,Saturnia,p50k_base,14,impact-recovered,"In hall-display-blackout, the declared impact was absent under the resolved display-output-probe check at 18:25.",hall-display-blackout impact-recovered(display-output-probe@18:25),28,22,-6
53fd5a6504f5a89dd858e7c1c2a8cca03add66e58c8b396bc90db69483f7fe68,impact-recovered / cause-resolved incident-handoff axes,Saturnia,p50k_base,15,impact-recovered,"In seating-map-desync, the declared impact was absent under the resolved map-freshness-probe check at 12:35.",seating-map-desync impact-recovered(map-freshness-probe@12:35),29,24,-5
53fd5a6504f5a89dd858e7c1c2a8cca03add66e58c8b396bc90db69483f7fe68,impact-recovered / cause-resolved incident-handoff axes,Saturnia,p50k_base,16,cause-resolved,"In promo-rule-drift, causal mechanism stale-promotion-snapshot was removed and the resolved promotion-replay-suite test passed.","promo-rule-drift cause-resolved(stale-promotion-snapshot, checked-by=promotion-replay-suite)",32,34,2
53fd5a6504f5a89dd858e7c1c2a8cca03add66e58c8b396bc90db69483f7fe68,impact-recovered / cause-resolved incident-handoff axes,Saturnia,p50k_base,17,cause-resolved,"In refund-webhook-delay, causal mechanism blocked-callback-worker was removed and the resolved callback-drain-test test passed.","refund-webhook-delay cause-resolved(blocked-callback-worker, checked-by=callback-drain-test)",29,30,1
53fd5a6504f5a89dd858e7c1c2a8cca03add66e58c8b396bc90db69483f7fe68,impact-recovered / cause-resolved incident-handoff axes,Saturnia,p50k_base,18,cause-resolved,"In inventory-badge-stale, causal mechanism skipped-catalog-invalidation was removed and the resolved catalog-refresh-test test passed.","inventory-badge-stale cause-resolved(skipped-catalog-invalidation, checked-by=catalog-refresh-test)",33,34,1
53fd5a6504f5a89dd858e7c1c2a8cca03add66e58c8b396bc90db69483f7fe68,impact-recovered / cause-resolved incident-handoff axes,Saturnia,p50k_base,19,cause-resolved,"In sorter-belt-slip, causal mechanism loose-drive-tensioner was removed and the resolved tension-load-test test passed.","sorter-belt-slip cause-resolved(loose-drive-tensioner, checked-by=tension-load-test)",31,32,1
53fd5a6504f5a89dd858e7c1c2a8cca03add66e58c8b396bc90db69483f7fe68,impact-recovered / cause-resolved incident-handoff axes,Saturnia,p50k_base,20,cause-resolved,"In coolant-valve-chatter, causal mechanism worn-actuator-bushing was removed and the resolved valve-cycle-test test passed.","coolant-valve-chatter cause-resolved(worn-actuator-bushing, checked-by=valve-cycle-test)",33,33,0
53fd5a6504f5a89dd858e7c1c2a8cca03add66e58c8b396bc90db69483f7fe68,impact-recovered / cause-resolved incident-handoff axes,Saturnia,p50k_base,21,cause-resolved,"In bay-label-conflict, causal mechanism duplicated-slot-assignment was removed and the resolved relabel-audit-test test passed.","bay-label-conflict cause-resolved(duplicated-slot-assignment, checked-by=relabel-audit-test)",32,32,0
53fd5a6504f5a89dd858e7c1c2a8cca03add66e58c8b396bc90db69483f7fe68,impact-recovered / cause-resolved incident-handoff axes,Saturnia,p50k_base,22,cause-resolved,"In picking-wave-delay, causal mechanism stalled-batch-release was removed and the resolved batch-release-test test passed.","picking-wave-delay cause-resolved(stalled-batch-release, checked-by=batch-release-test)",27,27,0
53fd5a6504f5a89dd858e7c1c2a8cca03add66e58c8b396bc90db69483f7fe68,impact-recovered / cause-resolved incident-handoff axes,Saturnia,p50k_base,23,cause-resolved,"In manifest-route-mismatch, causal mechanism outdated-carrier-mapping was removed and the resolved dispatch-replay-test test passed.","manifest-route-mismatch cause-resolved(outdated-carrier-mapping, checked-by=dispatch-replay-test)",32,34,2
53fd5a6504f5a89dd858e7c1c2a8cca03add66e58c8b396bc90db69483f7fe68,impact-recovered / cause-resolved incident-handoff axes,Saturnia,p50k_base,24,cause-resolved,"In container-seal-alert, causal mechanism misread-sensor-threshold was removed and the resolved seal-sensor-test test passed.","container-seal-alert cause-resolved(misread-sensor-threshold, checked-by=seal-sensor-test)",32,32,0
53fd5a6504f5a89dd858e7c1c2a8cca03add66e58c8b396bc90db69483f7fe68,impact-recovered / cause-resolved incident-handoff axes,Saturnia,p50k_base,25,cause-resolved,"In transfer-window-miss, causal mechanism incorrect-terminal-offset was removed and the resolved schedule-replay-test test passed.","transfer-window-miss cause-resolved(incorrect-terminal-offset, checked-by=schedule-replay-test)",29,30,1
53fd5a6504f5a89dd858e7c1c2a8cca03add66e58c8b396bc90db69483f7fe68,impact-recovered / cause-resolved incident-handoff axes,Saturnia,p50k_base,26,cause-resolved,"In approval-chain-gap, causal mechanism omitted-reviewer-rule was removed and the resolved approval-sequence-test test passed.","approval-chain-gap cause-resolved(omitted-reviewer-rule, checked-by=approval-sequence-test)",28,30,2
53fd5a6504f5a89dd858e7c1c2a8cca03add66e58c8b396bc90db69483f7fe68,impact-recovered / cause-resolved incident-handoff axes,Saturnia,p50k_base,27,cause-resolved,"In export-watermark-loss, causal mechanism disabled-rendering-layer was removed and the resolved rendering-regression-test test passed.","export-watermark-loss cause-resolved(disabled-rendering-layer, checked-by=rendering-regression-test)",30,30,0
53fd5a6504f5a89dd858e7c1c2a8cca03add66e58c8b396bc90db69483f7fe68,impact-recovered / cause-resolved incident-handoff axes,Saturnia,p50k_base,28,cause-resolved,"In record-lock-conflict, causal mechanism stale-lock-owner was removed and the resolved lock-release-test test passed.","record-lock-conflict cause-resolved(stale-lock-owner, checked-by=lock-release-test)",28,28,0
53fd5a6504f5a89dd858e7c1c2a8cca03add66e58c8b396bc90db69483f7fe68,impact-recovered / cause-resolved incident-handoff axes,Saturnia,p50k_base,29,cause-resolved,"In badge-printer-backlog, causal mechanism exhausted-spool-capacity was removed and the resolved badge-burst-test test passed.","badge-printer-backlog cause-resolved(exhausted-spool-capacity, checked-by=badge-burst-test)",30,33,3
53fd5a6504f5a89dd858e7c1c2a8cca03add66e58c8b396bc90db69483f7fe68,impact-recovered / cause-resolved incident-handoff axes,Saturnia,p50k_base,30,cause-resolved,"In hall-display-blackout, causal mechanism failed-video-converter was removed and the resolved display-signal-test test passed.","hall-display-blackout cause-resolved(failed-video-converter, checked-by=display-signal-test)",31,30,-1
53fd5a6504f5a89dd858e7c1c2a8cca03add66e58c8b396bc90db69483f7fe68,impact-recovered / cause-resolved incident-handoff axes,Saturnia,p50k_base,31,cause-resolved,"In seating-map-desync, causal mechanism delayed-layout-publish was removed and the resolved map-refresh-test test passed.","seating-map-desync cause-resolved(delayed-layout-publish, checked-by=map-refresh-test)",30,31,1
5f5c8b85186b275879c656eae025a3394e548951a68f720bd850579ae79d3a68,while-overlap / while-throughout / while-contrast,Excelsior,cl100k_base,0,while-overlap,"During a nonempty part of catalog-rebuild-204, catalog-probe-204 runs.",while-overlap(catalog-rebuild-204; catalog-probe-204 runs).,19,17,-2
5f5c8b85186b275879c656eae025a3394e548951a68f720bd850579ae79d3a68,while-overlap / while-throughout / while-contrast,Excelsior,cl100k_base,1,while-overlap,"During a nonempty part of telescope-watch-207, spectrum-sample-207 is recorded.",while-overlap(telescope-watch-207; spectrum-sample-207 is recorded).,18,16,-2
5f5c8b85186b275879c656eae025a3394e548951a68f720bd850579ae79d3a68,while-overlap / while-throughout / while-contrast,Excelsior,cl100k_base,2,while-overlap,"During a nonempty part of evacuation-rehearsal-211, radio-check-211 occurs.",while-overlap(evacuation-rehearsal-211; radio-check-211 occurs).,20,19,-1
5f5c8b85186b275879c656eae025a3394e548951a68f720bd850579ae79d3a68,while-overlap / while-throughout / while-contrast,Excelsior,cl100k_base,3,while-overlap,"During a nonempty part of workshop-session-213, attendance-check-213 happens.",while-overlap(workshop-session-213; attendance-check-213 happens).,17,15,-2
5f5c8b85186b275879c656eae025a3394e548951a68f720bd850579ae79d3a68,while-overlap / while-throughout / while-contrast,Excelsior,cl100k_base,4,while-overlap,"During a nonempty part of kiln-firing-217, glaze-observation-217 occurs.",while-overlap(kiln-firing-217; glaze-observation-217 occurs).,21,19,-2
5f5c8b85186b275879c656eae025a3394e548951a68f720bd850579ae79d3a68,while-overlap / while-throughout / while-contrast,Excelsior,cl100k_base,5,while-overlap,"During a nonempty part of water-pumping-219, flow-survey-219 runs.",while-overlap(water-pumping-219; flow-survey-219 runs).,19,17,-2
5f5c8b85186b275879c656eae025a3394e548951a68f720bd850579ae79d3a68,while-overlap / while-throughout / while-contrast,Excelsior,cl100k_base,6,while-overlap,"During a nonempty part of packet-replay-223, latency-sample-223 is collected.",while-overlap(packet-replay-223; latency-sample-223 is collected).,19,16,-3
5f5c8b85186b275879c656eae025a3394e548951a68f720bd850579ae79d3a68,while-overlap / while-throughout / while-contrast,Excelsior,cl100k_base,7,while-overlap,"During a nonempty part of harvest-shift-227, crate-weighing-227 takes place.",while-overlap(harvest-shift-227; crate-weighing-227 takes place).,20,19,-1
5f5c8b85186b275879c656eae025a3394e548951a68f720bd850579ae79d3a68,while-overlap / while-throughout / while-contrast,Excelsior,cl100k_base,8,while-overlap,"During a nonempty part of sound-rehearsal-229, microphone-check-229 happens.",while-overlap(sound-rehearsal-229; microphone-check-229 happens).,20,17,-3
5f5c8b85186b275879c656eae025a3394e548951a68f720bd850579ae79d3a68,while-overlap / while-throughout / while-contrast,Excelsior,cl100k_base,9,while-overlap,"During a nonempty part of drone-flight-233, terrain-capture-233 executes.",while-overlap(drone-flight-233; terrain-capture-233 executes).,18,16,-2
5f5c8b85186b275879c656eae025a3394e548951a68f720bd850579ae79d3a68,while-overlap / while-throughout / while-contrast,Excelsior,cl100k_base,10,while-overlap,"During a nonempty part of river-watch-237, silt-sample-237 is taken.",while-overlap(river-watch-237; silt-sample-237 is taken).,19,17,-2
5f5c8b85186b275879c656eae025a3394e548951a68f720bd850579ae79d3a68,while-overlap / while-throughout / while-contrast,Excelsior,cl100k_base,11,while-overlap,"During a nonempty part of archive-digitisation-239, page-review-239 runs.",while-overlap(archive-digitisation-239; page-review-239 runs).,18,16,-2
5f5c8b85186b275879c656eae025a3394e548951a68f720bd850579ae79d3a68,while-overlap / while-throughout / while-contrast,Excelsior,cl100k_base,12,while-overlap,"During a nonempty part of power-transfer-241, voltage-reading-241 is recorded.",while-overlap(power-transfer-241; voltage-reading-241 is recorded).,19,16,-3
5f5c8b85186b275879c656eae025a3394e548951a68f720bd850579ae79d3a68,while-overlap / while-throughout / while-contrast,Excelsior,cl100k_base,13,while-overlap,"During a nonempty part of visitor-session-247, headset-survey-247 occurs.",while-overlap(visitor-session-247; headset-survey-247 occurs).,18,15,-3
5f5c8b85186b275879c656eae025a3394e548951a68f720bd850579ae79d3a68,while-overlap / while-throughout / while-contrast,Excelsior,cl100k_base,14,while-overlap,"During a nonempty part of mesh-repair-251, connectivity-probe-251 executes.",while-overlap(mesh-repair-251; connectivity-probe-251 executes).,19,16,-3
5f5c8b85186b275879c656eae025a3394e548951a68f720bd850579ae79d3a68,while-overlap / while-throughout / while-contrast,Excelsior,cl100k_base,15,while-overlap,"During a nonempty part of seed-drying-253, moisture-sample-253 is collected.",while-overlap(seed-drying-253; moisture-sample-253 is collected).,19,16,-3
5f5c8b85186b275879c656eae025a3394e548951a68f720bd850579ae79d3a68,while-overlap / while-throughout / while-contrast,Excelsior,cl100k_base,16,while-overlap,"During a nonempty part of tunnel-survey-257, distance-check-257 takes place.",while-overlap(tunnel-survey-257; distance-check-257 takes place).,19,17,-2
5f5c8b85186b275879c656eae025a3394e548951a68f720bd850579ae79d3a68,while-overlap / while-throughout / while-contrast,Excelsior,cl100k_base,17,while-overlap,"During a nonempty part of board-meeting-263, budget-query-263 is answered.",while-overlap(board-meeting-263; budget-query-263 is answered).,19,16,-3
5f5c8b85186b275879c656eae025a3394e548951a68f720bd850579ae79d3a68,while-overlap / while-throughout / while-contrast,Excelsior,cl100k_base,18,while-overlap,"During a nonempty part of ferry-crossing-269, weather-observation-269 occurs.",while-overlap(ferry-crossing-269; weather-observation-269 occurs).,19,17,-2
5f5c8b85186b275879c656eae025a3394e548951a68f720bd850579ae79d3a68,while-overlap / while-throughout / while-contrast,Excelsior,cl100k_base,19,while-overlap,"During a nonempty part of printer-cleaning-271, nozzle-inspection-271 happens.",while-overlap(printer-cleaning-271; nozzle-inspection-271 happens).,19,17,-2
5f5c8b85186b275879c656eae025a3394e548951a68f720bd850579ae79d3a68,while-overlap / while-throughout / while-contrast,Excelsior,cl100k_base,20,while-throughout,"Throughout the entire interval paint-curing-302, ventilation-302 remains active.",while-throughout(paint-curing-302; ventilation-302 remains active).,16,16,0
5f5c8b85186b275879c656eae025a3394e548951a68f720bd850579ae79d3a68,while-overlap / while-throughout / while-contrast,Excelsior,cl100k_base,21,while-throughout,"Throughout the entire interval forklift-passage-306, crossing-barrier-306 remains lowered.",while-throughout(forklift-passage-306; crossing-barrier-306 remains lowered).,20,19,-1
5f5c8b85186b275879c656eae025a3394e548951a68f720bd850579ae79d3a68,while-overlap / while-throughout / while-contrast,Excelsior,cl100k_base,22,while-throughout,"Throughout the entire interval sample-storage-308, freezer-308 remains cold.",while-throughout(sample-storage-308; freezer-308 remains cold).,15,14,-1
5f5c8b85186b275879c656eae025a3394e548951a68f720bd850579ae79d3a68,while-overlap / while-throughout / while-contrast,Excelsior,cl100k_base,23,while-throughout,"Throughout the entire interval visitor-tour-312, emergency-exit-312 remains accessible.",while-throughout(visitor-tour-312; emergency-exit-312 remains accessible).,18,17,-1
5f5c8b85186b275879c656eae025a3394e548951a68f720bd850579ae79d3a68,while-overlap / while-throughout / while-contrast,Excelsior,cl100k_base,24,while-throughout,"Throughout the entire interval antenna-adjustment-316, transmitter-316 remains disabled.",while-throughout(antenna-adjustment-316; transmitter-316 remains disabled).,16,17,1
5f5c8b85186b275879c656eae025a3394e548951a68f720bd850579ae79d3a68,while-overlap / while-throughout / while-contrast,Excelsior,cl100k_base,25,while-throughout,"Throughout the entire interval simulation-batch-318, parameter-file-318 remains unchanged.",while-throughout(simulation-batch-318; parameter-file-318 remains unchanged).,17,17,0
5f5c8b85186b275879c656eae025a3394e548951a68f720bd850579ae79d3a68,while-overlap / while-throughout / while-contrast,Excelsior,cl100k_base,26,while-throughout,"Throughout the entire interval package-signing-322, signing-device-322 remains connected.",while-throughout(package-signing-322; signing-device-322 remains connected).,17,16,-1
5f5c8b85186b275879c656eae025a3394e548951a68f720bd850579ae79d3a68,while-overlap / while-throughout / while-contrast,Excelsior,cl100k_base,27,while-throughout,"Throughout the entire interval film-screening-326, aisle-lighting-326 remains illuminated.",while-throughout(film-screening-326; aisle-lighting-326 remains illuminated).,18,18,0
5f5c8b85186b275879c656eae025a3394e548951a68f720bd850579ae79d3a68,while-overlap / while-throughout / while-contrast,Excelsior,cl100k_base,28,while-throughout,"Throughout the entire interval fluid-transfer-328, receiving-tank-328 remains vented.",while-throughout(fluid-transfer-328; receiving-tank-328 remains vented).,17,17,0
5f5c8b85186b275879c656eae025a3394e548951a68f720bd850579ae79d3a68,while-overlap / while-throughout / while-contrast,Excelsior,cl100k_base,29,while-throughout,"Throughout the entire interval bridge-lift-332, road-gate-332 remains closed.",while-throughout(bridge-lift-332; road-gate-332 remains closed).,18,18,0
5f5c8b85186b275879c656eae025a3394e548951a68f720bd850579ae79d3a68,while-overlap / while-throughout / while-contrast,Excelsior,cl100k_base,30,while-throughout,"Throughout the entire interval laboratory-cleaning-336, sample-case-336 remains sealed.",while-throughout(laboratory-cleaning-336; sample-case-336 remains sealed).,17,18,1
5f5c8b85186b275879c656eae025a3394e548951a68f720bd850579ae79d3a68,while-overlap / while-throughout / while-contrast,Excelsior,cl100k_base,31,while-throughout,"Throughout the entire interval network-upgrade-338, fallback-route-338 remains usable.",while-throughout(network-upgrade-338; fallback-route-338 remains usable).,17,16,-1
5f5c8b85186b275879c656eae025a3394e548951a68f720bd850579ae79d3a68,while-overlap / while-throughout / while-contrast,Excelsior,cl100k_base,32,while-throughout,"Throughout the entire interval exam-session-342, question-bank-342 remains confidential.",while-throughout(exam-session-342; question-bank-342 remains confidential).,17,17,0
5f5c8b85186b275879c656eae025a3394e548951a68f720bd850579ae79d3a68,while-overlap / while-throughout / while-contrast,Excelsior,cl100k_base,33,while-throughout,"Throughout the entire interval pool-inspection-346, access-fence-346 remains secured.",while-throughout(pool-inspection-346; access-fence-346 remains secured).,18,17,-1
5f5c8b85186b275879c656eae025a3394e548951a68f720bd850579ae79d3a68,while-overlap / while-throughout / while-contrast,Excelsior,cl100k_base,34,while-throughout,"Throughout the entire interval crane-operation-348, lifting-zone-348 remains cordoned.",while-throughout(crane-operation-348; lifting-zone-348 remains cordoned).,17,17,0
5f5c8b85186b275879c656eae025a3394e548951a68f720bd850579ae79d3a68,while-overlap / while-throughout / while-contrast,Excelsior,cl100k_base,35,while-throughout,"Throughout the entire interval battery-transport-352, terminal-cover-352 remains attached.",while-throughout(battery-transport-352; terminal-cover-352 remains attached).,17,17,0
5f5c8b85186b275879c656eae025a3394e548951a68f720bd850579ae79d3a68,while-overlap / while-throughout / while-contrast,Excelsior,cl100k_base,36,while-throughout,"Throughout the entire interval soil-test-356, reference-container-356 remains shaded.",while-throughout(soil-test-356; reference-container-356 remains shaded).,16,16,0
5f5c8b85186b275879c656eae025a3394e548951a68f720bd850579ae79d3a68,while-overlap / while-throughout / while-contrast,Excelsior,cl100k_base,37,while-throughout,"Throughout the entire interval ballot-count-358, observation-window-358 remains unobstructed.",while-throughout(ballot-count-358; observation-window-358 remains unobstructed).,19,19,0
5f5c8b85186b275879c656eae025a3394e548951a68f720bd850579ae79d3a68,while-overlap / while-throughout / while-contrast,Excelsior,cl100k_base,38,while-throughout,"Throughout the entire interval sensor-comparison-362, reference-source-362 remains powered.",while-throughout(sensor-comparison-362; reference-source-362 remains powered).,17,16,-1
5f5c8b85186b275879c656eae025a3394e548951a68f720bd850579ae79d3a68,while-overlap / while-throughout / while-contrast,Excelsior,cl100k_base,39,while-throughout,"Throughout the entire interval night-patrol-366, radio-link-366 remains available.",while-throughout(night-patrol-366; radio-link-366 remains available).,18,18,0
5f5c8b85186b275879c656eae025a3394e548951a68f720bd850579ae79d3a68,while-overlap / while-throughout / while-contrast,Excelsior,cl100k_base,40,while-contrast,"pump-401 consumes less power, whereas pump-402 moves more water.",while-contrast(pump-401 consumes less power; pump-402 moves more water).,16,18,2
5f5c8b85186b275879c656eae025a3394e548951a68f720bd850579ae79d3a68,while-overlap / while-throughout / while-contrast,Excelsior,cl100k_base,41,while-contrast,"telescope-405 has a wider view, whereas telescope-406 resolves finer detail.",while-contrast(telescope-405 has a wider view; telescope-406 resolves finer detail).,17,19,2
5f5c8b85186b275879c656eae025a3394e548951a68f720bd850579ae79d3a68,while-overlap / while-throughout / while-contrast,Excelsior,cl100k_base,42,while-contrast,"packaging-409 is reusable, whereas packaging-410 weighs less.",while-contrast(packaging-409 is reusable; packaging-410 weighs less).,14,16,2
5f5c8b85186b275879c656eae025a3394e548951a68f720bd850579ae79d3a68,while-overlap / while-throughout / while-contrast,Excelsior,cl100k_base,43,while-contrast,"shelter-413 is nearer, whereas shelter-414 has more beds.",while-contrast(shelter-413 is nearer; shelter-414 has more beds).,15,17,2
5f5c8b85186b275879c656eae025a3394e548951a68f720bd850579ae79d3a68,while-overlap / while-throughout / while-contrast,Excelsior,cl100k_base,44,while-contrast,"planner-417 uses fewer steps, whereas planner-418 handles more constraints.",while-contrast(planner-417 uses fewer steps; planner-418 handles more constraints).,16,18,2
5f5c8b85186b275879c656eae025a3394e548951a68f720bd850579ae79d3a68,while-overlap / while-throughout / while-contrast,Excelsior,cl100k_base,45,while-contrast,"sampling-method-421 is cheaper, whereas sampling-method-422 detects rarer events.",while-contrast(sampling-method-421 is cheaper; sampling-method-422 detects rarer events).,17,20,3
5f5c8b85186b275879c656eae025a3394e548951a68f720bd850579ae79d3a68,while-overlap / while-throughout / while-contrast,Excelsior,cl100k_base,46,while-contrast,"charger-425 is portable, whereas charger-426 supplies more power.",while-contrast(charger-425 is portable; charger-426 supplies more power).,14,17,3
5f5c8b85186b275879c656eae025a3394e548951a68f720bd850579ae79d3a68,while-overlap / while-throughout / while-contrast,Excelsior,cl100k_base,47,while-contrast,"ticket-system-429 supports offline work, whereas ticket-system-430 searches faster.",while-contrast(ticket-system-429 supports offline work; ticket-system-430 searches faster).,16,18,2
5f5c8b85186b275879c656eae025a3394e548951a68f720bd850579ae79d3a68,while-overlap / while-throughout / while-contrast,Excelsior,cl100k_base,48,while-contrast,"filter-433 lasts longer, whereas filter-434 removes smaller particles.",while-contrast(filter-433 lasts longer; filter-434 removes smaller particles).,14,16,2
5f5c8b85186b275879c656eae025a3394e548951a68f720bd850579ae79d3a68,while-overlap / while-throughout / while-contrast,Excelsior,cl100k_base,49,while-contrast,"meeting-room-437 is quieter, whereas meeting-room-438 seats more people.",while-contrast(meeting-room-437 is quieter; meeting-room-438 seats more people).,16,19,3
5f5c8b85186b275879c656eae025a3394e548951a68f720bd850579ae79d3a68,while-overlap / while-throughout / while-contrast,Excelsior,cl100k_base,50,while-contrast,"insulation-441 is thinner, whereas insulation-442 retains more heat.",while-contrast(insulation-441 is thinner; insulation-442 retains more heat).,15,17,2
5f5c8b85186b275879c656eae025a3394e548951a68f720bd850579ae79d3a68,while-overlap / while-throughout / while-contrast,Excelsior,cl100k_base,51,while-contrast,"boat-445 draws less water, whereas boat-446 carries more cargo.",while-contrast(boat-445 draws less water; boat-446 carries more cargo).,15,18,3
5f5c8b85186b275879c656eae025a3394e548951a68f720bd850579ae79d3a68,while-overlap / while-throughout / while-contrast,Excelsior,cl100k_base,52,while-contrast,"decoder-449 starts sooner, whereas decoder-450 recovers more damaged frames.",while-contrast(decoder-449 starts sooner; decoder-450 recovers more damaged frames).,16,19,3
5f5c8b85186b275879c656eae025a3394e548951a68f720bd850579ae79d3a68,while-overlap / while-throughout / while-contrast,Excelsior,cl100k_base,53,while-contrast,"light-source-453 costs less, whereas light-source-454 renders colours better.",while-contrast(light-source-453 costs less; light-source-454 renders colours better).,16,18,2
5f5c8b85186b275879c656eae025a3394e548951a68f720bd850579ae79d3a68,while-overlap / while-throughout / while-contrast,Excelsior,cl100k_base,54,while-contrast,"survey-method-457 reaches more households, whereas survey-method-458 takes less time.",while-contrast(survey-method-457 reaches more households; survey-method-458 takes less time).,17,20,3
5f5c8b85186b275879c656eae025a3394e548951a68f720bd850579ae79d3a68,while-overlap / while-throughout / while-contrast,Excelsior,cl100k_base,55,while-contrast,"booklet-461 uses larger print, whereas booklet-462 contains more examples.",while-contrast(booklet-461 uses larger print; booklet-462 contains more examples).,16,18,2
5f5c8b85186b275879c656eae025a3394e548951a68f720bd850579ae79d3a68,while-overlap / while-throughout / while-contrast,Excelsior,cl100k_base,56,while-contrast,"workbench-465 is adjustable, whereas workbench-466 supports heavier loads.",while-contrast(workbench-465 is adjustable; workbench-466 supports heavier loads).,16,18,2
5f5c8b85186b275879c656eae025a3394e548951a68f720bd850579ae79d3a68,while-overlap / while-throughout / while-contrast,Excelsior,cl100k_base,57,while-contrast,"notification-channel-469 is immediate, whereas notification-channel-470 keeps a searchable history.",while-contrast(notification-channel-469 is immediate; notification-channel-470 keeps a searchable history).,17,19,2
5f5c8b85186b275879c656eae025a3394e548951a68f720bd850579ae79d3a68,while-overlap / while-throughout / while-contrast,Excelsior,cl100k_base,58,while-contrast,"coating-473 resists scratches, whereas coating-474 is easier to repair.",while-contrast(coating-473 resists scratches; coating-474 is easier to repair).,17,19,2
5f5c8b85186b275879c656eae025a3394e548951a68f720bd850579ae79d3a68,while-overlap / while-throughout / while-contrast,Excelsior,cl100k_base,59,while-contrast,"delivery-window-477 is earlier, whereas delivery-window-478 includes a weekend.",while-contrast(delivery-window-477 is earlier; delivery-window-478 includes a weekend).,16,19,3
5f5c8b85186b275879c656eae025a3394e548951a68f720bd850579ae79d3a68,while-overlap / while-throughout / while-contrast,Excelsior,o200k_base,0,while-overlap,"During a nonempty part of catalog-rebuild-204, catalog-probe-204 runs.",while-overlap(catalog-rebuild-204; catalog-probe-204 runs).,19,17,-2
5f5c8b85186b275879c656eae025a3394e548951a68f720bd850579ae79d3a68,while-overlap / while-throughout / while-contrast,Excelsior,o200k_base,1,while-overlap,"During a nonempty part of telescope-watch-207, spectrum-sample-207 is recorded.",while-overlap(telescope-watch-207; spectrum-sample-207 is recorded).,19,17,-2
5f5c8b85186b275879c656eae025a3394e548951a68f720bd850579ae79d3a68,while-overlap / while-throughout / while-contrast,Excelsior,o200k_base,2,while-overlap,"During a nonempty part of evacuation-rehearsal-211, radio-check-211 occurs.",while-overlap(evacuation-rehearsal-211; radio-check-211 occurs).,20,19,-1
5f5c8b85186b275879c656eae025a3394e548951a68f720bd850579ae79d3a68,while-overlap / while-throughout / while-contrast,Excelsior,o200k_base,3,while-overlap,"During a nonempty part of workshop-session-213, attendance-check-213 happens.",while-overlap(workshop-session-213; attendance-check-213 happens).,17,15,-2
5f5c8b85186b275879c656eae025a3394e548951a68f720bd850579ae79d3a68,while-overlap / while-throughout / while-contrast,Excelsior,o200k_base,4,while-overlap,"During a nonempty part of kiln-firing-217, glaze-observation-217 occurs.",while-overlap(kiln-firing-217; glaze-observation-217 occurs).,19,18,-1
5f5c8b85186b275879c656eae025a3394e548951a68f720bd850579ae79d3a68,while-overlap / while-throughout / while-contrast,Excelsior,o200k_base,5,while-overlap,"During a nonempty part of water-pumping-219, flow-survey-219 runs.",while-overlap(water-pumping-219; flow-survey-219 runs).,19,17,-2
5f5c8b85186b275879c656eae025a3394e548951a68f720bd850579ae79d3a68,while-overlap / while-throughout / while-contrast,Excelsior,o200k_base,6,while-overlap,"During a nonempty part of packet-replay-223, latency-sample-223 is collected.",while-overlap(packet-replay-223; latency-sample-223 is collected).,20,17,-3
5f5c8b85186b275879c656eae025a3394e548951a68f720bd850579ae79d3a68,while-overlap / while-throughout / while-contrast,Excelsior,o200k_base,7,while-overlap,"During a nonempty part of harvest-shift-227, crate-weighing-227 takes place.",while-overlap(harvest-shift-227; crate-weighing-227 takes place).,21,20,-1
5f5c8b85186b275879c656eae025a3394e548951a68f720bd850579ae79d3a68,while-overlap / while-throughout / while-contrast,Excelsior,o200k_base,8,while-overlap,"During a nonempty part of sound-rehearsal-229, microphone-check-229 happens.",while-overlap(sound-rehearsal-229; microphone-check-229 happens).,20,17,-3
5f5c8b85186b275879c656eae025a3394e548951a68f720bd850579ae79d3a68,while-overlap / while-throughout / while-contrast,Excelsior,o200k_base,9,while-overlap,"During a nonempty part of drone-flight-233, terrain-capture-233 executes.",while-overlap(drone-flight-233; terrain-capture-233 executes).,18,16,-2
5f5c8b85186b275879c656eae025a3394e548951a68f720bd850579ae79d3a68,while-overlap / while-throughout / while-contrast,Excelsior,o200k_base,10,while-overlap,"During a nonempty part of river-watch-237, silt-sample-237 is taken.",while-overlap(river-watch-237; silt-sample-237 is taken).,20,18,-2
5f5c8b85186b275879c656eae025a3394e548951a68f720bd850579ae79d3a68,while-overlap / while-throughout / while-contrast,Excelsior,o200k_base,11,while-overlap,"During a nonempty part of archive-digitisation-239, page-review-239 runs.",while-overlap(archive-digitisation-239; page-review-239 runs).,18,16,-2
5f5c8b85186b275879c656eae025a3394e548951a68f720bd850579ae79d3a68,while-overlap / while-throughout / while-contrast,Excelsior,o200k_base,12,while-overlap,"During a nonempty part of power-transfer-241, voltage-reading-241 is recorded.",while-overlap(power-transfer-241; voltage-reading-241 is recorded).,18,15,-3
5f5c8b85186b275879c656eae025a3394e548951a68f720bd850579ae79d3a68,while-overlap / while-throughout / while-contrast,Excelsior,o200k_base,13,while-overlap,"During a nonempty part of visitor-session-247, headset-survey-247 occurs.",while-overlap(visitor-session-247; headset-survey-247 occurs).,18,15,-3
5f5c8b85186b275879c656eae025a3394e548951a68f720bd850579ae79d3a68,while-overlap / while-throughout / while-contrast,Excelsior,o200k_base,14,while-overlap,"During a nonempty part of mesh-repair-251, connectivity-probe-251 executes.",while-overlap(mesh-repair-251; connectivity-probe-251 executes).,19,16,-3
5f5c8b85186b275879c656eae025a3394e548951a68f720bd850579ae79d3a68,while-overlap / while-throughout / while-contrast,Excelsior,o200k_base,15,while-overlap,"During a nonempty part of seed-drying-253, moisture-sample-253 is collected.",while-overlap(seed-drying-253; moisture-sample-253 is collected).,20,17,-3
5f5c8b85186b275879c656eae025a3394e548951a68f720bd850579ae79d3a68,while-overlap / while-throughout / while-contrast,Excelsior,o200k_base,16,while-overlap,"During a nonempty part of tunnel-survey-257, distance-check-257 takes place.",while-overlap(tunnel-survey-257; distance-check-257 takes place).,19,17,-2
5f5c8b85186b275879c656eae025a3394e548951a68f720bd850579ae79d3a68,while-overlap / while-throughout / while-contrast,Excelsior,o200k_base,17,while-overlap,"During a nonempty part of board-meeting-263, budget-query-263 is answered.",while-overlap(board-meeting-263; budget-query-263 is answered).,19,16,-3
5f5c8b85186b275879c656eae025a3394e548951a68f720bd850579ae79d3a68,while-overlap / while-throughout / while-contrast,Excelsior,o200k_base,18,while-overlap,"During a nonempty part of ferry-crossing-269, weather-observation-269 occurs.",while-overlap(ferry-crossing-269; weather-observation-269 occurs).,19,17,-2
5f5c8b85186b275879c656eae025a3394e548951a68f720bd850579ae79d3a68,while-overlap / while-throughout / while-contrast,Excelsior,o200k_base,19,while-overlap,"During a nonempty part of printer-cleaning-271, nozzle-inspection-271 happens.",while-overlap(printer-cleaning-271; nozzle-inspection-271 happens).,19,17,-2
5f5c8b85186b275879c656eae025a3394e548951a68f720bd850579ae79d3a68,while-overlap / while-throughout / while-contrast,Excelsior,o200k_base,20,while-throughout,"Throughout the entire interval paint-curing-302, ventilation-302 remains active.",while-throughout(paint-curing-302; ventilation-302 remains active).,16,16,0
5f5c8b85186b275879c656eae025a3394e548951a68f720bd850579ae79d3a68,while-overlap / while-throughout / while-contrast,Excelsior,o200k_base,21,while-throughout,"Throughout the entire interval forklift-passage-306, crossing-barrier-306 remains lowered.",while-throughout(forklift-passage-306; crossing-barrier-306 remains lowered).,18,19,1
5f5c8b85186b275879c656eae025a3394e548951a68f720bd850579ae79d3a68,while-overlap / while-throughout / while-contrast,Excelsior,o200k_base,22,while-throughout,"Throughout the entire interval sample-storage-308, freezer-308 remains cold.",while-throughout(sample-storage-308; freezer-308 remains cold).,15,14,-1
5f5c8b85186b275879c656eae025a3394e548951a68f720bd850579ae79d3a68,while-overlap / while-throughout / while-contrast,Excelsior,o200k_base,23,while-throughout,"Throughout the entire interval visitor-tour-312, emergency-exit-312 remains accessible.",while-throughout(visitor-tour-312; emergency-exit-312 remains accessible).,17,16,-1
5f5c8b85186b275879c656eae025a3394e548951a68f720bd850579ae79d3a68,while-overlap / while-throughout / while-contrast,Excelsior,o200k_base,24,while-throughout,"Throughout the entire interval antenna-adjustment-316, transmitter-316 remains disabled.",while-throughout(antenna-adjustment-316; transmitter-316 remains disabled).,16,17,1
5f5c8b85186b275879c656eae025a3394e548951a68f720bd850579ae79d3a68,while-overlap / while-throughout / while-contrast,Excelsior,o200k_base,25,while-throughout,"Throughout the entire interval simulation-batch-318, parameter-file-318 remains unchanged.",while-throughout(simulation-batch-318; parameter-file-318 remains unchanged).,17,17,0
5f5c8b85186b275879c656eae025a3394e548951a68f720bd850579ae79d3a68,while-overlap / while-throughout / while-contrast,Excelsior,o200k_base,26,while-throughout,"Throughout the entire interval package-signing-322, signing-device-322 remains connected.",while-throughout(package-signing-322; signing-device-322 remains connected).,17,16,-1
5f5c8b85186b275879c656eae025a3394e548951a68f720bd850579ae79d3a68,while-overlap / while-throughout / while-contrast,Excelsior,o200k_base,27,while-throughout,"Throughout the entire interval film-screening-326, aisle-lighting-326 remains illuminated.",while-throughout(film-screening-326; aisle-lighting-326 remains illuminated).,18,18,0
5f5c8b85186b275879c656eae025a3394e548951a68f720bd850579ae79d3a68,while-overlap / while-throughout / while-contrast,Excelsior,o200k_base,28,while-throughout,"Throughout the entire interval fluid-transfer-328, receiving-tank-328 remains vented.",while-throughout(fluid-transfer-328; receiving-tank-328 remains vented).,18,18,0
5f5c8b85186b275879c656eae025a3394e548951a68f720bd850579ae79d3a68,while-overlap / while-throughout / while-contrast,Excelsior,o200k_base,29,while-throughout,"Throughout the entire interval bridge-lift-332, road-gate-332 remains closed.",while-throughout(bridge-lift-332; road-gate-332 remains closed).,18,18,0
5f5c8b85186b275879c656eae025a3394e548951a68f720bd850579ae79d3a68,while-overlap / while-throughout / while-contrast,Excelsior,o200k_base,30,while-throughout,"Throughout the entire interval laboratory-cleaning-336, sample-case-336 remains sealed.",while-throughout(laboratory-cleaning-336; sample-case-336 remains sealed).,17,18,1
5f5c8b85186b275879c656eae025a3394e548951a68f720bd850579ae79d3a68,while-overlap / while-throughout / while-contrast,Excelsior,o200k_base,31,while-throughout,"Throughout the entire interval network-upgrade-338, fallback-route-338 remains usable.",while-throughout(network-upgrade-338; fallback-route-338 remains usable).,17,16,-1
5f5c8b85186b275879c656eae025a3394e548951a68f720bd850579ae79d3a68,while-overlap / while-throughout / while-contrast,Excelsior,o200k_base,32,while-throughout,"Throughout the entire interval exam-session-342, question-bank-342 remains confidential.",while-throughout(exam-session-342; question-bank-342 remains confidential).,16,16,0
5f5c8b85186b275879c656eae025a3394e548951a68f720bd850579ae79d3a68,while-overlap / while-throughout / while-contrast,Excelsior,o200k_base,33,while-throughout,"Throughout the entire interval pool-inspection-346, access-fence-346 remains secured.",while-throughout(pool-inspection-346; access-fence-346 remains secured).,18,17,-1
5f5c8b85186b275879c656eae025a3394e548951a68f720bd850579ae79d3a68,while-overlap / while-throughout / while-contrast,Excelsior,o200k_base,34,while-throughout,"Throughout the entire interval crane-operation-348, lifting-zone-348 remains cordoned.",while-throughout(crane-operation-348; lifting-zone-348 remains cordoned).,17,17,0
5f5c8b85186b275879c656eae025a3394e548951a68f720bd850579ae79d3a68,while-overlap / while-throughout / while-contrast,Excelsior,o200k_base,35,while-throughout,"Throughout the entire interval battery-transport-352, terminal-cover-352 remains attached.",while-throughout(battery-transport-352; terminal-cover-352 remains attached).,17,17,0
5f5c8b85186b275879c656eae025a3394e548951a68f720bd850579ae79d3a68,while-overlap / while-throughout / while-contrast,Excelsior,o200k_base,36,while-throughout,"Throughout the entire interval soil-test-356, reference-container-356 remains shaded.",while-throughout(soil-test-356; reference-container-356 remains shaded).,16,16,0
5f5c8b85186b275879c656eae025a3394e548951a68f720bd850579ae79d3a68,while-overlap / while-throughout / while-contrast,Excelsior,o200k_base,37,while-throughout,"Throughout the entire interval ballot-count-358, observation-window-358 remains unobstructed.",while-throughout(ballot-count-358; observation-window-358 remains unobstructed).,18,18,0
5f5c8b85186b275879c656eae025a3394e548951a68f720bd850579ae79d3a68,while-overlap / while-throughout / while-contrast,Excelsior,o200k_base,38,while-throughout,"Throughout the entire interval sensor-comparison-362, reference-source-362 remains powered.",while-throughout(sensor-comparison-362; reference-source-362 remains powered).,17,16,-1
5f5c8b85186b275879c656eae025a3394e548951a68f720bd850579ae79d3a68,while-overlap / while-throughout / while-contrast,Excelsior,o200k_base,39,while-throughout,"Throughout the entire interval night-patrol-366, radio-link-366 remains available.",while-throughout(night-patrol-366; radio-link-366 remains available).,17,17,0
5f5c8b85186b275879c656eae025a3394e548951a68f720bd850579ae79d3a68,while-overlap / while-throughout / while-contrast,Excelsior,o200k_base,40,while-contrast,"pump-401 consumes less power, whereas pump-402 moves more water.",while-contrast(pump-401 consumes less power; pump-402 moves more water).,15,18,3
5f5c8b85186b275879c656eae025a3394e548951a68f720bd850579ae79d3a68,while-overlap / while-throughout / while-contrast,Excelsior,o200k_base,41,while-contrast,"telescope-405 has a wider view, whereas telescope-406 resolves finer detail.",while-contrast(telescope-405 has a wider view; telescope-406 resolves finer detail).,17,19,2
5f5c8b85186b275879c656eae025a3394e548951a68f720bd850579ae79d3a68,while-overlap / while-throughout / while-contrast,Excelsior,o200k_base,42,while-contrast,"packaging-409 is reusable, whereas packaging-410 weighs less.",while-contrast(packaging-409 is reusable; packaging-410 weighs less).,14,16,2
5f5c8b85186b275879c656eae025a3394e548951a68f720bd850579ae79d3a68,while-overlap / while-throughout / while-contrast,Excelsior,o200k_base,43,while-contrast,"shelter-413 is nearer, whereas shelter-414 has more beds.",while-contrast(shelter-413 is nearer; shelter-414 has more beds).,16,18,2
5f5c8b85186b275879c656eae025a3394e548951a68f720bd850579ae79d3a68,while-overlap / while-throughout / while-contrast,Excelsior,o200k_base,44,while-contrast,"planner-417 uses fewer steps, whereas planner-418 handles more constraints.",while-contrast(planner-417 uses fewer steps; planner-418 handles more constraints).,15,18,3
5f5c8b85186b275879c656eae025a3394e548951a68f720bd850579ae79d3a68,while-overlap / while-throughout / while-contrast,Excelsior,o200k_base,45,while-contrast,"sampling-method-421 is cheaper, whereas sampling-method-422 detects rarer events.",while-contrast(sampling-method-421 is cheaper; sampling-method-422 detects rarer events).,17,20,3
5f5c8b85186b275879c656eae025a3394e548951a68f720bd850579ae79d3a68,while-overlap / while-throughout / while-contrast,Excelsior,o200k_base,46,while-contrast,"charger-425 is portable, whereas charger-426 supplies more power.",while-contrast(charger-425 is portable; charger-426 supplies more power).,14,17,3
5f5c8b85186b275879c656eae025a3394e548951a68f720bd850579ae79d3a68,while-overlap / while-throughout / while-contrast,Excelsior,o200k_base,47,while-contrast,"ticket-system-429 supports offline work, whereas ticket-system-430 searches faster.",while-contrast(ticket-system-429 supports offline work; ticket-system-430 searches faster).,16,18,2
5f5c8b85186b275879c656eae025a3394e548951a68f720bd850579ae79d3a68,while-overlap / while-throughout / while-contrast,Excelsior,o200k_base,48,while-contrast,"filter-433 lasts longer, whereas filter-434 removes smaller particles.",while-contrast(filter-433 lasts longer; filter-434 removes smaller particles).,14,16,2
5f5c8b85186b275879c656eae025a3394e548951a68f720bd850579ae79d3a68,while-overlap / while-throughout / while-contrast,Excelsior,o200k_base,49,while-contrast,"meeting-room-437 is quieter, whereas meeting-room-438 seats more people.",while-contrast(meeting-room-437 is quieter; meeting-room-438 seats more people).,16,19,3
5f5c8b85186b275879c656eae025a3394e548951a68f720bd850579ae79d3a68,while-overlap / while-throughout / while-contrast,Excelsior,o200k_base,50,while-contrast,"insulation-441 is thinner, whereas insulation-442 retains more heat.",while-contrast(insulation-441 is thinner; insulation-442 retains more heat).,15,17,2
5f5c8b85186b275879c656eae025a3394e548951a68f720bd850579ae79d3a68,while-overlap / while-throughout / while-contrast,Excelsior,o200k_base,51,while-contrast,"boat-445 draws less water, whereas boat-446 carries more cargo.",while-contrast(boat-445 draws less water; boat-446 carries more cargo).,15,18,3
5f5c8b85186b275879c656eae025a3394e548951a68f720bd850579ae79d3a68,while-overlap / while-throughout / while-contrast,Excelsior,o200k_base,52,while-contrast,"decoder-449 starts sooner, whereas decoder-450 recovers more damaged frames.",while-contrast(decoder-449 starts sooner; decoder-450 recovers more damaged frames).,16,19,3
5f5c8b85186b275879c656eae025a3394e548951a68f720bd850579ae79d3a68,while-overlap / while-throughout / while-contrast,Excelsior,o200k_base,53,while-contrast,"light-source-453 costs less, whereas light-source-454 renders colours better.",while-contrast(light-source-453 costs less; light-source-454 renders colours better).,16,18,2
5f5c8b85186b275879c656eae025a3394e548951a68f720bd850579ae79d3a68,while-overlap / while-throughout / while-contrast,Excelsior,o200k_base,54,while-contrast,"survey-method-457 reaches more households, whereas survey-method-458 takes less time.",while-contrast(survey-method-457 reaches more households; survey-method-458 takes less time).,17,20,3
5f5c8b85186b275879c656eae025a3394e548951a68f720bd850579ae79d3a68,while-overlap / while-throughout / while-contrast,Excelsior,o200k_base,55,while-contrast,"booklet-461 uses larger print, whereas booklet-462 contains more examples.",while-contrast(booklet-461 uses larger print; booklet-462 contains more examples).,16,18,2
5f5c8b85186b275879c656eae025a3394e548951a68f720bd850579ae79d3a68,while-overlap / while-throughout / while-contrast,Excelsior,o200k_base,56,while-contrast,"workbench-465 is adjustable, whereas workbench-466 supports heavier loads.",while-contrast(workbench-465 is adjustable; workbench-466 supports heavier loads).,16,18,2
5f5c8b85186b275879c656eae025a3394e548951a68f720bd850579ae79d3a68,while-overlap / while-throughout / while-contrast,Excelsior,o200k_base,57,while-contrast,"notification-channel-469 is immediate, whereas notification-channel-470 keeps a searchable history.",while-contrast(notification-channel-469 is immediate; notification-channel-470 keeps a searchable history).,17,19,2
5f5c8b85186b275879c656eae025a3394e548951a68f720bd850579ae79d3a68,while-overlap / while-throughout / while-contrast,Excelsior,o200k_base,58,while-contrast,"coating-473 resists scratches, whereas coating-474 is easier to repair.",while-contrast(coating-473 resists scratches; coating-474 is easier to repair).,17,19,2
5f5c8b85186b275879c656eae025a3394e548951a68f720bd850579ae79d3a68,while-overlap / while-throughout / while-contrast,Excelsior,o200k_base,59,while-contrast,"delivery-window-477 is earlier, whereas delivery-window-478 includes a weekend.",while-contrast(delivery-window-477 is earlier; delivery-window-478 includes a weekend).,16,19,3
5f5c8b85186b275879c656eae025a3394e548951a68f720bd850579ae79d3a68,while-overlap / while-throughout / while-contrast,Excelsior,p50k_base,0,while-overlap,"During a nonempty part of catalog-rebuild-204, catalog-probe-204 runs.",while-overlap(catalog-rebuild-204; catalog-probe-204 runs).,21,21,0
5f5c8b85186b275879c656eae025a3394e548951a68f720bd850579ae79d3a68,while-overlap / while-throughout / while-contrast,Excelsior,p50k_base,1,while-overlap,"During a nonempty part of telescope-watch-207, spectrum-sample-207 is recorded.",while-overlap(telescope-watch-207; spectrum-sample-207 is recorded).,20,21,1
5f5c8b85186b275879c656eae025a3394e548951a68f720bd850579ae79d3a68,while-overlap / while-throughout / while-contrast,Excelsior,p50k_base,2,while-overlap,"During a nonempty part of evacuation-rehearsal-211, radio-check-211 occurs.",while-overlap(evacuation-rehearsal-211; radio-check-211 occurs).,22,23,1
5f5c8b85186b275879c656eae025a3394e548951a68f720bd850579ae79d3a68,while-overlap / while-throughout / while-contrast,Excelsior,p50k_base,3,while-overlap,"During a nonempty part of workshop-session-213, attendance-check-213 happens.",while-overlap(workshop-session-213; attendance-check-213 happens).,19,18,-1
5f5c8b85186b275879c656eae025a3394e548951a68f720bd850579ae79d3a68,while-overlap / while-throughout / while-contrast,Excelsior,p50k_base,4,while-overlap,"During a nonempty part of kiln-firing-217, glaze-observation-217 occurs.",while-overlap(kiln-firing-217; glaze-observation-217 occurs).,24,23,-1
5f5c8b85186b275879c656eae025a3394e548951a68f720bd850579ae79d3a68,while-overlap / while-throughout / while-contrast,Excelsior,p50k_base,5,while-overlap,"During a nonempty part of water-pumping-219, flow-survey-219 runs.",while-overlap(water-pumping-219; flow-survey-219 runs).,21,20,-1
5f5c8b85186b275879c656eae025a3394e548951a68f720bd850579ae79d3a68,while-overlap / while-throughout / while-contrast,Excelsior,p50k_base,6,while-overlap,"During a nonempty part of packet-replay-223, latency-sample-223 is collected.",while-overlap(packet-replay-223; latency-sample-223 is collected).,21,21,0
5f5c8b85186b275879c656eae025a3394e548951a68f720bd850579ae79d3a68,while-overlap / while-throughout / while-contrast,Excelsior,p50k_base,7,while-overlap,"During a nonempty part of harvest-shift-227, crate-weighing-227 takes place.",while-overlap(harvest-shift-227; crate-weighing-227 takes place).,22,22,0
5f5c8b85186b275879c656eae025a3394e548951a68f720bd850579ae79d3a68,while-overlap / while-throughout / while-contrast,Excelsior,p50k_base,8,while-overlap,"During a nonempty part of sound-rehearsal-229, microphone-check-229 happens.",while-overlap(sound-rehearsal-229; microphone-check-229 happens).,22,21,-1
5f5c8b85186b275879c656eae025a3394e548951a68f720bd850579ae79d3a68,while-overlap / while-throughout / while-contrast,Excelsior,p50k_base,9,while-overlap,"During a nonempty part of drone-flight-233, terrain-capture-233 executes.",while-overlap(drone-flight-233; terrain-capture-233 executes).,20,20,0
5f5c8b85186b275879c656eae025a3394e548951a68f720bd850579ae79d3a68,while-overlap / while-throughout / while-contrast,Excelsior,p50k_base,10,while-overlap,"During a nonempty part of river-watch-237, silt-sample-237 is taken.",while-overlap(river-watch-237; silt-sample-237 is taken).,21,20,-1
5f5c8b85186b275879c656eae025a3394e548951a68f720bd850579ae79d3a68,while-overlap / while-throughout / while-contrast,Excelsior,p50k_base,11,while-overlap,"During a nonempty part of archive-digitisation-239, page-review-239 runs.",while-overlap(archive-digitisation-239; page-review-239 runs).,20,19,-1
5f5c8b85186b275879c656eae025a3394e548951a68f720bd850579ae79d3a68,while-overlap / while-throughout / while-contrast,Excelsior,p50k_base,12,while-overlap,"During a nonempty part of power-transfer-241, voltage-reading-241 is recorded.",while-overlap(power-transfer-241; voltage-reading-241 is recorded).,20,19,-1
5f5c8b85186b275879c656eae025a3394e548951a68f720bd850579ae79d3a68,while-overlap / while-throughout / while-contrast,Excelsior,p50k_base,13,while-overlap,"During a nonempty part of visitor-session-247, headset-survey-247 occurs.",while-overlap(visitor-session-247; headset-survey-247 occurs).,20,20,0
5f5c8b85186b275879c656eae025a3394e548951a68f720bd850579ae79d3a68,while-overlap / while-throughout / while-contrast,Excelsior,p50k_base,14,while-overlap,"During a nonempty part of mesh-repair-251, connectivity-probe-251 executes.",while-overlap(mesh-repair-251; connectivity-probe-251 executes).,20,20,0
5f5c8b85186b275879c656eae025a3394e548951a68f720bd850579ae79d3a68,while-overlap / while-throughout / while-contrast,Excelsior,p50k_base,15,while-overlap,"During a nonempty part of seed-drying-253, moisture-sample-253 is collected.",while-overlap(seed-drying-253; moisture-sample-253 is collected).,21,20,-1
5f5c8b85186b275879c656eae025a3394e548951a68f720bd850579ae79d3a68,while-overlap / while-throughout / while-contrast,Excelsior,p50k_base,16,while-overlap,"During a nonempty part of tunnel-survey-257, distance-check-257 takes place.",while-overlap(tunnel-survey-257; distance-check-257 takes place).,21,21,0
5f5c8b85186b275879c656eae025a3394e548951a68f720bd850579ae79d3a68,while-overlap / while-throughout / while-contrast,Excelsior,p50k_base,17,while-overlap,"During a nonempty part of board-meeting-263, budget-query-263 is answered.",while-overlap(board-meeting-263; budget-query-263 is answered).,21,20,-1
5f5c8b85186b275879c656eae025a3394e548951a68f720bd850579ae79d3a68,while-overlap / while-throughout / while-contrast,Excelsior,p50k_base,18,while-overlap,"During a nonempty part of ferry-crossing-269, weather-observation-269 occurs.",while-overlap(ferry-crossing-269; weather-observation-269 occurs).,22,22,0
5f5c8b85186b275879c656eae025a3394e548951a68f720bd850579ae79d3a68,while-overlap / while-throughout / while-contrast,Excelsior,p50k_base,19,while-overlap,"During a nonempty part of printer-cleaning-271, nozzle-inspection-271 happens.",while-overlap(printer-cleaning-271; nozzle-inspection-271 happens).,21,21,0
5f5c8b85186b275879c656eae025a3394e548951a68f720bd850579ae79d3a68,while-overlap / while-throughout / while-contrast,Excelsior,p50k_base,20,while-throughout,"Throughout the entire interval paint-curing-302, ventilation-302 remains active.",while-throughout(paint-curing-302; ventilation-302 remains active).,17,19,2
5f5c8b85186b275879c656eae025a3394e548951a68f720bd850579ae79d3a68,while-overlap / while-throughout / while-contrast,Excelsior,p50k_base,21,while-throughout,"Throughout the entire interval forklift-passage-306, crossing-barrier-306 remains lowered.",while-throughout(forklift-passage-306; crossing-barrier-306 remains lowered).,21,22,1
5f5c8b85186b275879c656eae025a3394e548951a68f720bd850579ae79d3a68,while-overlap / while-throughout / while-contrast,Excelsior,p50k_base,22,while-throughout,"Throughout the entire interval sample-storage-308, freezer-308 remains cold.",while-throughout(sample-storage-308; freezer-308 remains cold).,16,17,1
5f5c8b85186b275879c656eae025a3394e548951a68f720bd850579ae79d3a68,while-overlap / while-throughout / while-contrast,Excelsior,p50k_base,23,while-throughout,"Throughout the entire interval visitor-tour-312, emergency-exit-312 remains accessible.",while-throughout(visitor-tour-312; emergency-exit-312 remains accessible).,19,21,2
5f5c8b85186b275879c656eae025a3394e548951a68f720bd850579ae79d3a68,while-overlap / while-throughout / while-contrast,Excelsior,p50k_base,24,while-throughout,"Throughout the entire interval antenna-adjustment-316, transmitter-316 remains disabled.",while-throughout(antenna-adjustment-316; transmitter-316 remains disabled).,17,19,2
5f5c8b85186b275879c656eae025a3394e548951a68f720bd850579ae79d3a68,while-overlap / while-throughout / while-contrast,Excelsior,p50k_base,25,while-throughout,"Throughout the entire interval simulation-batch-318, parameter-file-318 remains unchanged.",while-throughout(simulation-batch-318; parameter-file-318 remains unchanged).,18,20,2
5f5c8b85186b275879c656eae025a3394e548951a68f720bd850579ae79d3a68,while-overlap / while-throughout / while-contrast,Excelsior,p50k_base,26,while-throughout,"Throughout the entire interval package-signing-322, signing-device-322 remains connected.",while-throughout(package-signing-322; signing-device-322 remains connected).,19,20,1
5f5c8b85186b275879c656eae025a3394e548951a68f720bd850579ae79d3a68,while-overlap / while-throughout / while-contrast,Excelsior,p50k_base,27,while-throughout,"Throughout the entire interval film-screening-326, aisle-lighting-326 remains illuminated.",while-throughout(film-screening-326; aisle-lighting-326 remains illuminated).,19,20,1
5f5c8b85186b275879c656eae025a3394e548951a68f720bd850579ae79d3a68,while-overlap / while-throughout / while-contrast,Excelsior,p50k_base,28,while-throughout,"Throughout the entire interval fluid-transfer-328, receiving-tank-328 remains vented.",while-throughout(fluid-transfer-328; receiving-tank-328 remains vented).,19,21,2
5f5c8b85186b275879c656eae025a3394e548951a68f720bd850579ae79d3a68,while-overlap / while-throughout / while-contrast,Excelsior,p50k_base,29,while-throughout,"Throughout the entire interval bridge-lift-332, road-gate-332 remains closed.",while-throughout(bridge-lift-332; road-gate-332 remains closed).,18,19,1
5f5c8b85186b275879c656eae025a3394e548951a68f720bd850579ae79d3a68,while-overlap / while-throughout / while-contrast,Excelsior,p50k_base,30,while-throughout,"Throughout the entire interval laboratory-cleaning-336, sample-case-336 remains sealed.",while-throughout(laboratory-cleaning-336; sample-case-336 remains sealed).,19,22,3
5f5c8b85186b275879c656eae025a3394e548951a68f720bd850579ae79d3a68,while-overlap / while-throughout / while-contrast,Excelsior,p50k_base,31,while-throughout,"Throughout the entire interval network-upgrade-338, fallback-route-338 remains usable.",while-throughout(network-upgrade-338; fallback-route-338 remains usable).,20,21,1
5f5c8b85186b275879c656eae025a3394e548951a68f720bd850579ae79d3a68,while-overlap / while-throughout / while-contrast,Excelsior,p50k_base,32,while-throughout,"Throughout the entire interval exam-session-342, question-bank-342 remains confidential.",while-throughout(exam-session-342; question-bank-342 remains confidential).,18,20,2
5f5c8b85186b275879c656eae025a3394e548951a68f720bd850579ae79d3a68,while-overlap / while-throughout / while-contrast,Excelsior,p50k_base,33,while-throughout,"Throughout the entire interval pool-inspection-346, access-fence-346 remains secured.",while-throughout(pool-inspection-346; access-fence-346 remains secured).,20,21,1
5f5c8b85186b275879c656eae025a3394e548951a68f720bd850579ae79d3a68,while-overlap / while-throughout / while-contrast,Excelsior,p50k_base,34,while-throughout,"Throughout the entire interval crane-operation-348, lifting-zone-348 remains cordoned.",while-throughout(crane-operation-348; lifting-zone-348 remains cordoned).,20,22,2
5f5c8b85186b275879c656eae025a3394e548951a68f720bd850579ae79d3a68,while-overlap / while-throughout / while-contrast,Excelsior,p50k_base,35,while-throughout,"Throughout the entire interval battery-transport-352, terminal-cover-352 remains attached.",while-throughout(battery-transport-352; terminal-cover-352 remains attached).,19,21,2
5f5c8b85186b275879c656eae025a3394e548951a68f720bd850579ae79d3a68,while-overlap / while-throughout / while-contrast,Excelsior,p50k_base,36,while-throughout,"Throughout the entire interval soil-test-356, reference-container-356 remains shaded.",while-throughout(soil-test-356; reference-container-356 remains shaded).,19,21,2
5f5c8b85186b275879c656eae025a3394e548951a68f720bd850579ae79d3a68,while-overlap / while-throughout / while-contrast,Excelsior,p50k_base,37,while-throughout,"Throughout the entire interval ballot-count-358, observation-window-358 remains unobstructed.",while-throughout(ballot-count-358; observation-window-358 remains unobstructed).,19,21,2
5f5c8b85186b275879c656eae025a3394e548951a68f720bd850579ae79d3a68,while-overlap / while-throughout / while-contrast,Excelsior,p50k_base,38,while-throughout,"Throughout the entire interval sensor-comparison-362, reference-source-362 remains powered.",while-throughout(sensor-comparison-362; reference-source-362 remains powered).,20,22,2
5f5c8b85186b275879c656eae025a3394e548951a68f720bd850579ae79d3a68,while-overlap / while-throughout / while-contrast,Excelsior,p50k_base,39,while-throughout,"Throughout the entire interval night-patrol-366, radio-link-366 remains available.",while-throughout(night-patrol-366; radio-link-366 remains available).,19,20,1
5f5c8b85186b275879c656eae025a3394e548951a68f720bd850579ae79d3a68,while-overlap / while-throughout / while-contrast,Excelsior,p50k_base,40,while-contrast,"pump-401 consumes less power, whereas pump-402 moves more water.",while-contrast(pump-401 consumes less power; pump-402 moves more water).,16,20,4
5f5c8b85186b275879c656eae025a3394e548951a68f720bd850579ae79d3a68,while-overlap / while-throughout / while-contrast,Excelsior,p50k_base,41,while-contrast,"telescope-405 has a wider view, whereas telescope-406 resolves finer detail.",while-contrast(telescope-405 has a wider view; telescope-406 resolves finer detail).,18,22,4
5f5c8b85186b275879c656eae025a3394e548951a68f720bd850579ae79d3a68,while-overlap / while-throughout / while-contrast,Excelsior,p50k_base,42,while-contrast,"packaging-409 is reusable, whereas packaging-410 weighs less.",while-contrast(packaging-409 is reusable; packaging-410 weighs less).,14,18,4
5f5c8b85186b275879c656eae025a3394e548951a68f720bd850579ae79d3a68,while-overlap / while-throughout / while-contrast,Excelsior,p50k_base,43,while-contrast,"shelter-413 is nearer, whereas shelter-414 has more beds.",while-contrast(shelter-413 is nearer; shelter-414 has more beds).,16,20,4
5f5c8b85186b275879c656eae025a3394e548951a68f720bd850579ae79d3a68,while-overlap / while-throughout / while-contrast,Excelsior,p50k_base,44,while-contrast,"planner-417 uses fewer steps, whereas planner-418 handles more constraints.",while-contrast(planner-417 uses fewer steps; planner-418 handles more constraints).,16,20,4
5f5c8b85186b275879c656eae025a3394e548951a68f720bd850579ae79d3a68,while-overlap / while-throughout / while-contrast,Excelsior,p50k_base,45,while-contrast,"sampling-method-421 is cheaper, whereas sampling-method-422 detects rarer events.",while-contrast(sampling-method-421 is cheaper; sampling-method-422 detects rarer events).,20,24,4
5f5c8b85186b275879c656eae025a3394e548951a68f720bd850579ae79d3a68,while-overlap / while-throughout / while-contrast,Excelsior,p50k_base,46,while-contrast,"charger-425 is portable, whereas charger-426 supplies more power.",while-contrast(charger-425 is portable; charger-426 supplies more power).,15,19,4
5f5c8b85186b275879c656eae025a3394e548951a68f720bd850579ae79d3a68,while-overlap / while-throughout / while-contrast,Excelsior,p50k_base,47,while-contrast,"ticket-system-429 supports offline work, whereas ticket-system-430 searches faster.",while-contrast(ticket-system-429 supports offline work; ticket-system-430 searches faster).,18,22,4
5f5c8b85186b275879c656eae025a3394e548951a68f720bd850579ae79d3a68,while-overlap / while-throughout / while-contrast,Excelsior,p50k_base,48,while-contrast,"filter-433 lasts longer, whereas filter-434 removes smaller particles.",while-contrast(filter-433 lasts longer; filter-434 removes smaller particles).,14,18,4
5f5c8b85186b275879c656eae025a3394e548951a68f720bd850579ae79d3a68,while-overlap / while-throughout / while-contrast,Excelsior,p50k_base,49,while-contrast,"meeting-room-437 is quieter, whereas meeting-room-438 seats more people.",while-contrast(meeting-room-437 is quieter; meeting-room-438 seats more people).,19,23,4
5f5c8b85186b275879c656eae025a3394e548951a68f720bd850579ae79d3a68,while-overlap / while-throughout / while-contrast,Excelsior,p50k_base,50,while-contrast,"insulation-441 is thinner, whereas insulation-442 retains more heat.",while-contrast(insulation-441 is thinner; insulation-442 retains more heat).,15,19,4
5f5c8b85186b275879c656eae025a3394e548951a68f720bd850579ae79d3a68,while-overlap / while-throughout / while-contrast,Excelsior,p50k_base,51,while-contrast,"boat-445 draws less water, whereas boat-446 carries more cargo.",while-contrast(boat-445 draws less water; boat-446 carries more cargo).,15,19,4
5f5c8b85186b275879c656eae025a3394e548951a68f720bd850579ae79d3a68,while-overlap / while-throughout / while-contrast,Excelsior,p50k_base,52,while-contrast,"decoder-449 starts sooner, whereas decoder-450 recovers more damaged frames.",while-contrast(decoder-449 starts sooner; decoder-450 recovers more damaged frames).,17,21,4
5f5c8b85186b275879c656eae025a3394e548951a68f720bd850579ae79d3a68,while-overlap / while-throughout / while-contrast,Excelsior,p50k_base,53,while-contrast,"light-source-453 costs less, whereas light-source-454 renders colours better.",while-contrast(light-source-453 costs less; light-source-454 renders colours better).,18,22,4
5f5c8b85186b275879c656eae025a3394e548951a68f720bd850579ae79d3a68,while-overlap / while-throughout / while-contrast,Excelsior,p50k_base,54,while-contrast,"survey-method-457 reaches more households, whereas survey-method-458 takes less time.",while-contrast(survey-method-457 reaches more households; survey-method-458 takes less time).,20,24,4
5f5c8b85186b275879c656eae025a3394e548951a68f720bd850579ae79d3a68,while-overlap / while-throughout / while-contrast,Excelsior,p50k_base,55,while-contrast,"booklet-461 uses larger print, whereas booklet-462 contains more examples.",while-contrast(booklet-461 uses larger print; booklet-462 contains more examples).,16,20,4
5f5c8b85186b275879c656eae025a3394e548951a68f720bd850579ae79d3a68,while-overlap / while-throughout / while-contrast,Excelsior,p50k_base,56,while-contrast,"workbench-465 is adjustable, whereas workbench-466 supports heavier loads.",while-contrast(workbench-465 is adjustable; workbench-466 supports heavier loads).,16,20,4
5f5c8b85186b275879c656eae025a3394e548951a68f720bd850579ae79d3a68,while-overlap / while-throughout / while-contrast,Excelsior,p50k_base,57,while-contrast,"notification-channel-469 is immediate, whereas notification-channel-470 keeps a searchable history.",while-contrast(notification-channel-469 is immediate; notification-channel-470 keeps a searchable history).,21,25,4
5f5c8b85186b275879c656eae025a3394e548951a68f720bd850579ae79d3a68,while-overlap / while-throughout / while-contrast,Excelsior,p50k_base,58,while-contrast,"coating-473 resists scratches, whereas coating-474 is easier to repair.",while-contrast(coating-473 resists scratches; coating-474 is easier to repair).,16,20,4
5f5c8b85186b275879c656eae025a3394e548951a68f720bd850579ae79d3a68,while-overlap / while-throughout / while-contrast,Excelsior,p50k_base,59,while-contrast,"delivery-window-477 is earlier, whereas delivery-window-478 includes a weekend.",while-contrast(delivery-window-477 is earlier; delivery-window-478 includes a weekend).,19,23,4
616bae707e318a59e815a9e6f6392dcb41c4c72528ece68ebdf29492beb7efd3,while-overlap / while-throughout / while-contrast,Saturnia,cl100k_base,0,while-overlap,"During a nonempty part of upload-31, checksum-check-31 runs.",while-overlap(upload-31; checksum-check-31 runs).,16,13,-3
616bae707e318a59e815a9e6f6392dcb41c4c72528ece68ebdf29492beb7efd3,while-overlap / while-throughout / while-contrast,Saturnia,cl100k_base,1,while-overlap,"During a nonempty part of backup-42, index-scan-42 runs.",while-overlap(backup-42; index-scan-42 runs).,17,15,-2
616bae707e318a59e815a9e6f6392dcb41c4c72528ece68ebdf29492beb7efd3,while-overlap / while-throughout / while-contrast,Saturnia,cl100k_base,2,while-overlap,"During a nonempty part of training-run-18, validation-sample-18 executes.",while-overlap(training-run-18; validation-sample-18 executes).,17,14,-3
616bae707e318a59e815a9e6f6392dcb41c4c72528ece68ebdf29492beb7efd3,while-overlap / while-throughout / while-contrast,Saturnia,cl100k_base,3,while-overlap,"During a nonempty part of loading-window-7, parcel-scan-7 occurs.",while-overlap(loading-window-7; parcel-scan-7 occurs).,18,16,-2
616bae707e318a59e815a9e6f6392dcb41c4c72528ece68ebdf29492beb7efd3,while-overlap / while-throughout / while-contrast,Saturnia,cl100k_base,4,while-overlap,"During a nonempty part of calibration-cycle-14, sensor-sample-14 is collected.",while-overlap(calibration-cycle-14; sensor-sample-14 is collected).,18,16,-2
616bae707e318a59e815a9e6f6392dcb41c4c72528ece68ebdf29492beb7efd3,while-overlap / while-throughout / while-contrast,Saturnia,cl100k_base,5,while-overlap,"During a nonempty part of migration-23, snapshot-23 is captured.",while-overlap(migration-23; snapshot-23 is captured).,16,14,-2
616bae707e318a59e815a9e6f6392dcb41c4c72528ece68ebdf29492beb7efd3,while-overlap / while-throughout / while-contrast,Saturnia,cl100k_base,6,while-overlap,"During a nonempty part of broadcast-11, audio-monitor-11 listens.",while-overlap(broadcast-11; audio-monitor-11 listens).,16,14,-2
616bae707e318a59e815a9e6f6392dcb41c4c72528ece68ebdf29492beb7efd3,while-overlap / while-throughout / while-contrast,Saturnia,cl100k_base,7,while-overlap,"During a nonempty part of batch-job-29, queue-probe-29 executes.",while-overlap(batch-job-29; queue-probe-29 executes).,18,15,-3
616bae707e318a59e815a9e6f6392dcb41c4c72528ece68ebdf29492beb7efd3,while-overlap / while-throughout / while-contrast,Saturnia,cl100k_base,8,while-overlap,"During a nonempty part of stress-test-16, cooling-reading-16 is taken.",while-overlap(stress-test-16; cooling-reading-16 is taken).,19,17,-2
616bae707e318a59e815a9e6f6392dcb41c4c72528ece68ebdf29492beb7efd3,while-overlap / while-throughout / while-contrast,Saturnia,cl100k_base,9,while-overlap,"During a nonempty part of settlement-run-8, ledger-audit-8 begins.",while-overlap(settlement-run-8; ledger-audit-8 begins).,18,16,-2
616bae707e318a59e815a9e6f6392dcb41c4c72528ece68ebdf29492beb7efd3,while-overlap / while-throughout / while-contrast,Saturnia,cl100k_base,10,while-overlap,"During a nonempty part of delivery-trip-35, route-observation-35 occurs.",while-overlap(delivery-trip-35; route-observation-35 occurs).,19,17,-2
616bae707e318a59e815a9e6f6392dcb41c4c72528ece68ebdf29492beb7efd3,while-overlap / while-throughout / while-contrast,Saturnia,cl100k_base,11,while-overlap,"During a nonempty part of simulation-27, memory-profile-27 runs.",while-overlap(simulation-27; memory-profile-27 runs).,16,14,-2
616bae707e318a59e815a9e6f6392dcb41c4c72528ece68ebdf29492beb7efd3,while-overlap / while-throughout / while-contrast,Saturnia,cl100k_base,12,while-overlap,"During a nonempty part of maintenance-window-19, access-review-19 happens.",while-overlap(maintenance-window-19; access-review-19 happens).,17,15,-2
616bae707e318a59e815a9e6f6392dcb41c4c72528ece68ebdf29492beb7efd3,while-overlap / while-throughout / while-contrast,Saturnia,cl100k_base,13,while-overlap,"During a nonempty part of render-pass-44, image-sample-44 is saved.",while-overlap(render-pass-44; image-sample-44 is saved).,18,15,-3
616bae707e318a59e815a9e6f6392dcb41c4c72528ece68ebdf29492beb7efd3,while-overlap / while-throughout / while-contrast,Saturnia,cl100k_base,14,while-overlap,"During a nonempty part of deployment-12, heartbeat-check-12 executes.",while-overlap(deployment-12; heartbeat-check-12 executes).,16,14,-2
616bae707e318a59e815a9e6f6392dcb41c4c72528ece68ebdf29492beb7efd3,while-overlap / while-throughout / while-contrast,Saturnia,cl100k_base,15,while-overlap,"During a nonempty part of assembly-run-25, quality-inspection-25 occurs.",while-overlap(assembly-run-25; quality-inspection-25 occurs).,18,16,-2
616bae707e318a59e815a9e6f6392dcb41c4c72528ece68ebdf29492beb7efd3,while-overlap / while-throughout / while-contrast,Saturnia,cl100k_base,16,while-overlap,"During a nonempty part of incident-call-33, log-export-33 completes.",while-overlap(incident-call-33; log-export-33 completes).,17,15,-2
616bae707e318a59e815a9e6f6392dcb41c4c72528ece68ebdf29492beb7efd3,while-overlap / while-throughout / while-contrast,Saturnia,cl100k_base,17,while-overlap,"During a nonempty part of road-closure-6, traffic-count-6 is measured.",while-overlap(road-closure-6; traffic-count-6 is measured).,19,17,-2
616bae707e318a59e815a9e6f6392dcb41c4c72528ece68ebdf29492beb7efd3,while-overlap / while-throughout / while-contrast,Saturnia,cl100k_base,18,while-overlap,"During a nonempty part of charging-session-21, power-sample-21 is recorded.",while-overlap(charging-session-21; power-sample-21 is recorded).,18,16,-2
616bae707e318a59e815a9e6f6392dcb41c4c72528ece68ebdf29492beb7efd3,while-overlap / while-throughout / while-contrast,Saturnia,cl100k_base,19,while-overlap,"During a nonempty part of trial-period-15, policy-review-15 convenes.",while-overlap(trial-period-15; policy-review-15 convenes).,18,16,-2
616bae707e318a59e815a9e6f6392dcb41c4c72528ece68ebdf29492beb7efd3,while-overlap / while-throughout / while-contrast,Saturnia,cl100k_base,20,while-throughout,"Throughout the entire interval migration-51, service-51 remains available.",while-throughout(migration-51; service-51 remains available).,14,14,0
616bae707e318a59e815a9e6f6392dcb41c4c72528ece68ebdf29492beb7efd3,while-overlap / while-throughout / while-contrast,Saturnia,cl100k_base,21,while-throughout,"Throughout the entire interval rotation-34, key-34 remains held.",while-throughout(rotation-34; key-34 remains held).,14,13,-1
616bae707e318a59e815a9e6f6392dcb41c4c72528ece68ebdf29492beb7efd3,while-overlap / while-throughout / while-contrast,Saturnia,cl100k_base,22,while-throughout,"Throughout the entire interval procedure-22, patient-22 remains monitored.",while-throughout(procedure-22; patient-22 remains monitored).,14,14,0
616bae707e318a59e815a9e6f6392dcb41c4c72528ece68ebdf29492beb7efd3,while-overlap / while-throughout / while-contrast,Saturnia,cl100k_base,23,while-throughout,"Throughout the entire interval transfer-47, link-47 remains encrypted.",while-throughout(transfer-47; link-47 remains encrypted).,14,14,0
616bae707e318a59e815a9e6f6392dcb41c4c72528ece68ebdf29492beb7efd3,while-overlap / while-throughout / while-contrast,Saturnia,cl100k_base,24,while-throughout,"Throughout the entire interval inspection-13, door-13 remains locked.",while-throughout(inspection-13; door-13 remains locked).,14,14,0
616bae707e318a59e815a9e6f6392dcb41c4c72528ece68ebdf29492beb7efd3,while-overlap / while-throughout / while-contrast,Saturnia,cl100k_base,25,while-throughout,"Throughout the entire interval recovery-26, replica-26 remains read-only.",while-throughout(recovery-26; replica-26 remains read-only).,15,15,0
616bae707e318a59e815a9e6f6392dcb41c4c72528ece68ebdf29492beb7efd3,while-overlap / while-throughout / while-contrast,Saturnia,cl100k_base,26,while-throughout,"Throughout the entire interval test-cycle-39, motor-39 remains guarded.",while-throughout(test-cycle-39; motor-39 remains guarded).,15,14,-1
616bae707e318a59e815a9e6f6392dcb41c4c72528ece68ebdf29492beb7efd3,while-overlap / while-throughout / while-contrast,Saturnia,cl100k_base,27,while-throughout,"Throughout the entire interval restore-17, archive-17 remains mounted.",while-throughout(restore-17; archive-17 remains mounted).,14,14,0
616bae707e318a59e815a9e6f6392dcb41c4c72528ece68ebdf29492beb7efd3,while-overlap / while-throughout / while-contrast,Saturnia,cl100k_base,28,while-throughout,"Throughout the entire interval recording-28, channel-28 remains muted.",while-throughout(recording-28; channel-28 remains muted).,14,14,0
616bae707e318a59e815a9e6f6392dcb41c4c72528ece68ebdf29492beb7efd3,while-overlap / while-throughout / while-contrast,Saturnia,cl100k_base,29,while-throughout,"Throughout the entire interval incubation-32, temperature-32 remains stable.",while-throughout(incubation-32; temperature-32 remains stable).,15,16,1
616bae707e318a59e815a9e6f6392dcb41c4c72528ece68ebdf29492beb7efd3,while-overlap / while-throughout / while-contrast,Saturnia,cl100k_base,30,while-throughout,"Throughout the entire interval handoff-9, token-9 remains valid.",while-throughout(handoff-9; token-9 remains valid).,15,14,-1
616bae707e318a59e815a9e6f6392dcb41c4c72528ece68ebdf29492beb7efd3,while-overlap / while-throughout / while-contrast,Saturnia,cl100k_base,31,while-throughout,"Throughout the entire interval analysis-41, workspace-41 remains isolated.",while-throughout(analysis-41; workspace-41 remains isolated).,14,14,0
616bae707e318a59e815a9e6f6392dcb41c4c72528ece68ebdf29492beb7efd3,while-overlap / while-throughout / while-contrast,Saturnia,cl100k_base,32,while-throughout,"Throughout the entire interval pressure-check-24, valve-24 remains closed.",while-throughout(pressure-check-24; valve-24 remains closed).,15,16,1
616bae707e318a59e815a9e6f6392dcb41c4c72528ece68ebdf29492beb7efd3,while-overlap / while-throughout / while-contrast,Saturnia,cl100k_base,33,while-throughout,"Throughout the entire interval measurement-run-36, clock-36 remains synchronised.",while-throughout(measurement-run-36; clock-36 remains synchronised).,16,16,0
616bae707e318a59e815a9e6f6392dcb41c4c72528ece68ebdf29492beb7efd3,while-overlap / while-throughout / while-contrast,Saturnia,cl100k_base,34,while-throughout,"Throughout the entire interval release-audit-20, branch-20 remains frozen.",while-throughout(release-audit-20; branch-20 remains frozen).,16,16,0
616bae707e318a59e815a9e6f6392dcb41c4c72528ece68ebdf29492beb7efd3,while-overlap / while-throughout / while-contrast,Saturnia,cl100k_base,35,while-throughout,"Throughout the entire interval wildlife-survey-43, camera-43 remains active.",while-throughout(wildlife-survey-43; camera-43 remains active).,16,17,1
616bae707e318a59e815a9e6f6392dcb41c4c72528ece68ebdf29492beb7efd3,while-overlap / while-throughout / while-contrast,Saturnia,cl100k_base,36,while-throughout,"Throughout the entire interval malware-scan-30, backup-30 remains offline.",while-throughout(malware-scan-30; backup-30 remains offline).,16,17,1
616bae707e318a59e815a9e6f6392dcb41c4c72528ece68ebdf29492beb7efd3,while-overlap / while-throughout / while-contrast,Saturnia,cl100k_base,37,while-throughout,"Throughout the entire interval interview-10, consent-10 remains current.",while-throughout(interview-10; consent-10 remains current).,14,14,0
616bae707e318a59e815a9e6f6392dcb41c4c72528ece68ebdf29492beb7efd3,while-overlap / while-throughout / while-contrast,Saturnia,cl100k_base,38,while-throughout,"Throughout the entire interval evacuation-drill-38, lane-38 remains clear.",while-throughout(evacuation-drill-38; lane-38 remains clear).,16,17,1
616bae707e318a59e815a9e6f6392dcb41c4c72528ece68ebdf29492beb7efd3,while-overlap / while-throughout / while-contrast,Saturnia,cl100k_base,39,while-throughout,"Throughout the entire interval replication-45, checksum-45 remains fixed.",while-throughout(replication-45; checksum-45 remains fixed).,14,14,0
616bae707e318a59e815a9e6f6392dcb41c4c72528ece68ebdf29492beb7efd3,while-overlap / while-throughout / while-contrast,Saturnia,cl100k_base,40,while-contrast,"local-model-61 is private, whereas hosted-model-61 is faster.",while-contrast(local-model-61 is private; hosted-model-61 is faster).,15,17,2
616bae707e318a59e815a9e6f6392dcb41c4c72528ece68ebdf29492beb7efd3,while-overlap / while-throughout / while-contrast,Saturnia,cl100k_base,41,while-contrast,"archive-62 is cheaper, whereas database-62 is easier to query.",while-contrast(archive-62 is cheaper; database-62 is easier to query).,15,18,3
616bae707e318a59e815a9e6f6392dcb41c4c72528ece68ebdf29492beb7efd3,while-overlap / while-throughout / while-contrast,Saturnia,cl100k_base,42,while-contrast,"route-63 is shorter, whereas route-64 is less congested.",while-contrast(route-63 is shorter; route-64 is less congested).,15,17,2
616bae707e318a59e815a9e6f6392dcb41c4c72528ece68ebdf29492beb7efd3,while-overlap / while-throughout / while-contrast,Saturnia,cl100k_base,43,while-contrast,"cell-65 is lighter, whereas cell-66 lasts longer.",while-contrast(cell-65 is lighter; cell-66 lasts longer).,13,15,2
616bae707e318a59e815a9e6f6392dcb41c4c72528ece68ebdf29492beb7efd3,while-overlap / while-throughout / while-contrast,Saturnia,cl100k_base,44,while-contrast,"compiler-67 builds faster, whereas compiler-68 emits smaller binaries.",while-contrast(compiler-67 builds faster; compiler-68 emits smaller binaries).,14,17,3
616bae707e318a59e815a9e6f6392dcb41c4c72528ece68ebdf29492beb7efd3,while-overlap / while-throughout / while-contrast,Saturnia,cl100k_base,45,while-contrast,"dataset-69 is broader, whereas dataset-70 is more current.",while-contrast(dataset-69 is broader; dataset-70 is more current).,14,16,2
616bae707e318a59e815a9e6f6392dcb41c4c72528ece68ebdf29492beb7efd3,while-overlap / while-throughout / while-contrast,Saturnia,cl100k_base,46,while-contrast,"sensor-71 is precise, whereas sensor-72 tolerates heat.",while-contrast(sensor-71 is precise; sensor-72 tolerates heat).,14,16,2
616bae707e318a59e815a9e6f6392dcb41c4c72528ece68ebdf29492beb7efd3,while-overlap / while-throughout / while-contrast,Saturnia,cl100k_base,47,while-contrast,"courier-73 costs less, whereas courier-74 arrives sooner.",while-contrast(courier-73 costs less; courier-74 arrives sooner).,14,17,3
616bae707e318a59e815a9e6f6392dcb41c4c72528ece68ebdf29492beb7efd3,while-overlap / while-throughout / while-contrast,Saturnia,cl100k_base,48,while-contrast,"interface-75 is compact, whereas interface-76 is easier to learn.",while-contrast(interface-75 is compact; interface-76 is easier to learn).,15,17,2
616bae707e318a59e815a9e6f6392dcb41c4c72528ece68ebdf29492beb7efd3,while-overlap / while-throughout / while-contrast,Saturnia,cl100k_base,49,while-contrast,"policy-77 is simpler, whereas policy-78 covers more cases.",while-contrast(policy-77 is simpler; policy-78 covers more cases).,14,16,2
616bae707e318a59e815a9e6f6392dcb41c4c72528ece68ebdf29492beb7efd3,while-overlap / while-throughout / while-contrast,Saturnia,cl100k_base,50,while-contrast,"engine-79 uses less memory, whereas engine-80 has lower latency.",while-contrast(engine-79 uses less memory; engine-80 has lower latency).,15,17,2
616bae707e318a59e815a9e6f6392dcb41c4c72528ece68ebdf29492beb7efd3,while-overlap / while-throughout / while-contrast,Saturnia,cl100k_base,51,while-contrast,"format-81 is readable, whereas format-82 compresses better.",while-contrast(format-81 is readable; format-82 compresses better).,14,16,2
616bae707e318a59e815a9e6f6392dcb41c4c72528ece68ebdf29492beb7efd3,while-overlap / while-throughout / while-contrast,Saturnia,cl100k_base,52,while-contrast,"review-83 is thorough, whereas review-84 finishes sooner.",while-contrast(review-83 is thorough; review-84 finishes sooner).,13,15,2
616bae707e318a59e815a9e6f6392dcb41c4c72528ece68ebdf29492beb7efd3,while-overlap / while-throughout / while-contrast,Saturnia,cl100k_base,53,while-contrast,"forecast-85 is stable, whereas forecast-86 reacts faster.",while-contrast(forecast-85 is stable; forecast-86 reacts faster).,13,17,4
616bae707e318a59e815a9e6f6392dcb41c4c72528ece68ebdf29492beb7efd3,while-overlap / while-throughout / while-contrast,Saturnia,cl100k_base,54,while-contrast,"network-87 is isolated, whereas network-88 has more capacity.",while-contrast(network-87 is isolated; network-88 has more capacity).,14,16,2
616bae707e318a59e815a9e6f6392dcb41c4c72528ece68ebdf29492beb7efd3,while-overlap / while-throughout / while-contrast,Saturnia,cl100k_base,55,while-contrast,"schedule-89 starts earlier, whereas schedule-90 needs fewer staff.",while-contrast(schedule-89 starts earlier; schedule-90 needs fewer staff).,14,16,2
616bae707e318a59e815a9e6f6392dcb41c4c72528ece68ebdf29492beb7efd3,while-overlap / while-throughout / while-contrast,Saturnia,cl100k_base,56,while-contrast,"alloy-91 is stronger, whereas alloy-92 is easier to machine.",while-contrast(alloy-91 is stronger; alloy-92 is easier to machine).,16,18,2
616bae707e318a59e815a9e6f6392dcb41c4c72528ece68ebdf29492beb7efd3,while-overlap / while-throughout / while-contrast,Saturnia,cl100k_base,57,while-contrast,"rail-93 settles sooner, whereas rail-94 charges less.",while-contrast(rail-93 settles sooner; rail-94 charges less).,13,16,3
616bae707e318a59e815a9e6f6392dcb41c4c72528ece68ebdf29492beb7efd3,while-overlap / while-throughout / while-contrast,Saturnia,cl100k_base,58,while-contrast,"cache-95 is fresher, whereas cache-96 serves more requests.",while-contrast(cache-95 is fresher; cache-96 serves more requests).,15,17,2
616bae707e318a59e815a9e6f6392dcb41c4c72528ece68ebdf29492beb7efd3,while-overlap / while-throughout / while-contrast,Saturnia,cl100k_base,59,while-contrast,"report-97 is concise, whereas report-98 includes more evidence.",while-contrast(report-97 is concise; report-98 includes more evidence).,14,16,2
616bae707e318a59e815a9e6f6392dcb41c4c72528ece68ebdf29492beb7efd3,while-overlap / while-throughout / while-contrast,Saturnia,o200k_base,0,while-overlap,"During a nonempty part of upload-31, checksum-check-31 runs.",while-overlap(upload-31; checksum-check-31 runs).,16,13,-3
616bae707e318a59e815a9e6f6392dcb41c4c72528ece68ebdf29492beb7efd3,while-overlap / while-throughout / while-contrast,Saturnia,o200k_base,1,while-overlap,"During a nonempty part of backup-42, index-scan-42 runs.",while-overlap(backup-42; index-scan-42 runs).,17,15,-2
616bae707e318a59e815a9e6f6392dcb41c4c72528ece68ebdf29492beb7efd3,while-overlap / while-throughout / while-contrast,Saturnia,o200k_base,2,while-overlap,"During a nonempty part of training-run-18, validation-sample-18 executes.",while-overlap(training-run-18; validation-sample-18 executes).,18,15,-3
616bae707e318a59e815a9e6f6392dcb41c4c72528ece68ebdf29492beb7efd3,while-overlap / while-throughout / while-contrast,Saturnia,o200k_base,3,while-overlap,"During a nonempty part of loading-window-7, parcel-scan-7 occurs.",while-overlap(loading-window-7; parcel-scan-7 occurs).,18,16,-2
616bae707e318a59e815a9e6f6392dcb41c4c72528ece68ebdf29492beb7efd3,while-overlap / while-throughout / while-contrast,Saturnia,o200k_base,4,while-overlap,"During a nonempty part of calibration-cycle-14, sensor-sample-14 is collected.",while-overlap(calibration-cycle-14; sensor-sample-14 is collected).,19,17,-2
616bae707e318a59e815a9e6f6392dcb41c4c72528ece68ebdf29492beb7efd3,while-overlap / while-throughout / while-contrast,Saturnia,o200k_base,5,while-overlap,"During a nonempty part of migration-23, snapshot-23 is captured.",while-overlap(migration-23; snapshot-23 is captured).,16,14,-2
616bae707e318a59e815a9e6f6392dcb41c4c72528ece68ebdf29492beb7efd3,while-overlap / while-throughout / while-contrast,Saturnia,o200k_base,6,while-overlap,"During a nonempty part of broadcast-11, audio-monitor-11 listens.",while-overlap(broadcast-11; audio-monitor-11 listens).,16,14,-2
616bae707e318a59e815a9e6f6392dcb41c4c72528ece68ebdf29492beb7efd3,while-overlap / while-throughout / while-contrast,Saturnia,o200k_base,7,while-overlap,"During a nonempty part of batch-job-29, queue-probe-29 executes.",while-overlap(batch-job-29; queue-probe-29 executes).,18,15,-3
616bae707e318a59e815a9e6f6392dcb41c4c72528ece68ebdf29492beb7efd3,while-overlap / while-throughout / while-contrast,Saturnia,o200k_base,8,while-overlap,"During a nonempty part of stress-test-16, cooling-reading-16 is taken.",while-overlap(stress-test-16; cooling-reading-16 is taken).,18,16,-2
616bae707e318a59e815a9e6f6392dcb41c4c72528ece68ebdf29492beb7efd3,while-overlap / while-throughout / while-contrast,Saturnia,o200k_base,9,while-overlap,"During a nonempty part of settlement-run-8, ledger-audit-8 begins.",while-overlap(settlement-run-8; ledger-audit-8 begins).,18,16,-2
616bae707e318a59e815a9e6f6392dcb41c4c72528ece68ebdf29492beb7efd3,while-overlap / while-throughout / while-contrast,Saturnia,o200k_base,10,while-overlap,"During a nonempty part of delivery-trip-35, route-observation-35 occurs.",while-overlap(delivery-trip-35; route-observation-35 occurs).,18,16,-2
616bae707e318a59e815a9e6f6392dcb41c4c72528ece68ebdf29492beb7efd3,while-overlap / while-throughout / while-contrast,Saturnia,o200k_base,11,while-overlap,"During a nonempty part of simulation-27, memory-profile-27 runs.",while-overlap(simulation-27; memory-profile-27 runs).,16,14,-2
616bae707e318a59e815a9e6f6392dcb41c4c72528ece68ebdf29492beb7efd3,while-overlap / while-throughout / while-contrast,Saturnia,o200k_base,12,while-overlap,"During a nonempty part of maintenance-window-19, access-review-19 happens.",while-overlap(maintenance-window-19; access-review-19 happens).,17,15,-2
616bae707e318a59e815a9e6f6392dcb41c4c72528ece68ebdf29492beb7efd3,while-overlap / while-throughout / while-contrast,Saturnia,o200k_base,13,while-overlap,"During a nonempty part of render-pass-44, image-sample-44 is saved.",while-overlap(render-pass-44; image-sample-44 is saved).,19,16,-3
616bae707e318a59e815a9e6f6392dcb41c4c72528ece68ebdf29492beb7efd3,while-overlap / while-throughout / while-contrast,Saturnia,o200k_base,14,while-overlap,"During a nonempty part of deployment-12, heartbeat-check-12 executes.",while-overlap(deployment-12; heartbeat-check-12 executes).,16,14,-2
616bae707e318a59e815a9e6f6392dcb41c4c72528ece68ebdf29492beb7efd3,while-overlap / while-throughout / while-contrast,Saturnia,o200k_base,15,while-overlap,"During a nonempty part of assembly-run-25, quality-inspection-25 occurs.",while-overlap(assembly-run-25; quality-inspection-25 occurs).,18,16,-2
616bae707e318a59e815a9e6f6392dcb41c4c72528ece68ebdf29492beb7efd3,while-overlap / while-throughout / while-contrast,Saturnia,o200k_base,16,while-overlap,"During a nonempty part of incident-call-33, log-export-33 completes.",while-overlap(incident-call-33; log-export-33 completes).,17,15,-2
616bae707e318a59e815a9e6f6392dcb41c4c72528ece68ebdf29492beb7efd3,while-overlap / while-throughout / while-contrast,Saturnia,o200k_base,17,while-overlap,"During a nonempty part of road-closure-6, traffic-count-6 is measured.",while-overlap(road-closure-6; traffic-count-6 is measured).,19,17,-2
616bae707e318a59e815a9e6f6392dcb41c4c72528ece68ebdf29492beb7efd3,while-overlap / while-throughout / while-contrast,Saturnia,o200k_base,18,while-overlap,"During a nonempty part of charging-session-21, power-sample-21 is recorded.",while-overlap(charging-session-21; power-sample-21 is recorded).,19,17,-2
616bae707e318a59e815a9e6f6392dcb41c4c72528ece68ebdf29492beb7efd3,while-overlap / while-throughout / while-contrast,Saturnia,o200k_base,19,while-overlap,"During a nonempty part of trial-period-15, policy-review-15 convenes.",while-overlap(trial-period-15; policy-review-15 convenes).,18,16,-2
616bae707e318a59e815a9e6f6392dcb41c4c72528ece68ebdf29492beb7efd3,while-overlap / while-throughout / while-contrast,Saturnia,o200k_base,20,while-throughout,"Throughout the entire interval migration-51, service-51 remains available.",while-throughout(migration-51; service-51 remains available).,14,14,0
616bae707e318a59e815a9e6f6392dcb41c4c72528ece68ebdf29492beb7efd3,while-overlap / while-throughout / while-contrast,Saturnia,o200k_base,21,while-throughout,"Throughout the entire interval rotation-34, key-34 remains held.",while-throughout(rotation-34; key-34 remains held).,14,13,-1
616bae707e318a59e815a9e6f6392dcb41c4c72528ece68ebdf29492beb7efd3,while-overlap / while-throughout / while-contrast,Saturnia,o200k_base,22,while-throughout,"Throughout the entire interval procedure-22, patient-22 remains monitored.",while-throughout(procedure-22; patient-22 remains monitored).,14,14,0
616bae707e318a59e815a9e6f6392dcb41c4c72528ece68ebdf29492beb7efd3,while-overlap / while-throughout / while-contrast,Saturnia,o200k_base,23,while-throughout,"Throughout the entire interval transfer-47, link-47 remains encrypted.",while-throughout(transfer-47; link-47 remains encrypted).,14,14,0
616bae707e318a59e815a9e6f6392dcb41c4c72528ece68ebdf29492beb7efd3,while-overlap / while-throughout / while-contrast,Saturnia,o200k_base,24,while-throughout,"Throughout the entire interval inspection-13, door-13 remains locked.",while-throughout(inspection-13; door-13 remains locked).,14,14,0
616bae707e318a59e815a9e6f6392dcb41c4c72528ece68ebdf29492beb7efd3,while-overlap / while-throughout / while-contrast,Saturnia,o200k_base,25,while-throughout,"Throughout the entire interval recovery-26, replica-26 remains read-only.",while-throughout(recovery-26; replica-26 remains read-only).,15,15,0
616bae707e318a59e815a9e6f6392dcb41c4c72528ece68ebdf29492beb7efd3,while-overlap / while-throughout / while-contrast,Saturnia,o200k_base,26,while-throughout,"Throughout the entire interval test-cycle-39, motor-39 remains guarded.",while-throughout(test-cycle-39; motor-39 remains guarded).,15,14,-1
616bae707e318a59e815a9e6f6392dcb41c4c72528ece68ebdf29492beb7efd3,while-overlap / while-throughout / while-contrast,Saturnia,o200k_base,27,while-throughout,"Throughout the entire interval restore-17, archive-17 remains mounted.",while-throughout(restore-17; archive-17 remains mounted).,14,14,0
616bae707e318a59e815a9e6f6392dcb41c4c72528ece68ebdf29492beb7efd3,while-overlap / while-throughout / while-contrast,Saturnia,o200k_base,28,while-throughout,"Throughout the entire interval recording-28, channel-28 remains muted.",while-throughout(recording-28; channel-28 remains muted).,14,14,0
616bae707e318a59e815a9e6f6392dcb41c4c72528ece68ebdf29492beb7efd3,while-overlap / while-throughout / while-contrast,Saturnia,o200k_base,29,while-throughout,"Throughout the entire interval incubation-32, temperature-32 remains stable.",while-throughout(incubation-32; temperature-32 remains stable).,14,16,2
616bae707e318a59e815a9e6f6392dcb41c4c72528ece68ebdf29492beb7efd3,while-overlap / while-throughout / while-contrast,Saturnia,o200k_base,30,while-throughout,"Throughout the entire interval handoff-9, token-9 remains valid.",while-throughout(handoff-9; token-9 remains valid).,15,14,-1
616bae707e318a59e815a9e6f6392dcb41c4c72528ece68ebdf29492beb7efd3,while-overlap / while-throughout / while-contrast,Saturnia,o200k_base,31,while-throughout,"Throughout the entire interval analysis-41, workspace-41 remains isolated.",while-throughout(analysis-41; workspace-41 remains isolated).,14,14,0
616bae707e318a59e815a9e6f6392dcb41c4c72528ece68ebdf29492beb7efd3,while-overlap / while-throughout / while-contrast,Saturnia,o200k_base,32,while-throughout,"Throughout the entire interval pressure-check-24, valve-24 remains closed.",while-throughout(pressure-check-24; valve-24 remains closed).,15,15,0
616bae707e318a59e815a9e6f6392dcb41c4c72528ece68ebdf29492beb7efd3,while-overlap / while-throughout / while-contrast,Saturnia,o200k_base,33,while-throughout,"Throughout the entire interval measurement-run-36, clock-36 remains synchronised.",while-throughout(measurement-run-36; clock-36 remains synchronised).,16,17,1
616bae707e318a59e815a9e6f6392dcb41c4c72528ece68ebdf29492beb7efd3,while-overlap / while-throughout / while-contrast,Saturnia,o200k_base,34,while-throughout,"Throughout the entire interval release-audit-20, branch-20 remains frozen.",while-throughout(release-audit-20; branch-20 remains frozen).,16,16,0
616bae707e318a59e815a9e6f6392dcb41c4c72528ece68ebdf29492beb7efd3,while-overlap / while-throughout / while-contrast,Saturnia,o200k_base,35,while-throughout,"Throughout the entire interval wildlife-survey-43, camera-43 remains active.",while-throughout(wildlife-survey-43; camera-43 remains active).,16,17,1
616bae707e318a59e815a9e6f6392dcb41c4c72528ece68ebdf29492beb7efd3,while-overlap / while-throughout / while-contrast,Saturnia,o200k_base,36,while-throughout,"Throughout the entire interval malware-scan-30, backup-30 remains offline.",while-throughout(malware-scan-30; backup-30 remains offline).,16,17,1
616bae707e318a59e815a9e6f6392dcb41c4c72528ece68ebdf29492beb7efd3,while-overlap / while-throughout / while-contrast,Saturnia,o200k_base,37,while-throughout,"Throughout the entire interval interview-10, consent-10 remains current.",while-throughout(interview-10; consent-10 remains current).,14,14,0
616bae707e318a59e815a9e6f6392dcb41c4c72528ece68ebdf29492beb7efd3,while-overlap / while-throughout / while-contrast,Saturnia,o200k_base,38,while-throughout,"Throughout the entire interval evacuation-drill-38, lane-38 remains clear.",while-throughout(evacuation-drill-38; lane-38 remains clear).,16,17,1
616bae707e318a59e815a9e6f6392dcb41c4c72528ece68ebdf29492beb7efd3,while-overlap / while-throughout / while-contrast,Saturnia,o200k_base,39,while-throughout,"Throughout the entire interval replication-45, checksum-45 remains fixed.",while-throughout(replication-45; checksum-45 remains fixed).,14,14,0
616bae707e318a59e815a9e6f6392dcb41c4c72528ece68ebdf29492beb7efd3,while-overlap / while-throughout / while-contrast,Saturnia,o200k_base,40,while-contrast,"local-model-61 is private, whereas hosted-model-61 is faster.",while-contrast(local-model-61 is private; hosted-model-61 is faster).,15,17,2
616bae707e318a59e815a9e6f6392dcb41c4c72528ece68ebdf29492beb7efd3,while-overlap / while-throughout / while-contrast,Saturnia,o200k_base,41,while-contrast,"archive-62 is cheaper, whereas database-62 is easier to query.",while-contrast(archive-62 is cheaper; database-62 is easier to query).,15,18,3
616bae707e318a59e815a9e6f6392dcb41c4c72528ece68ebdf29492beb7efd3,while-overlap / while-throughout / while-contrast,Saturnia,o200k_base,42,while-contrast,"route-63 is shorter, whereas route-64 is less congested.",while-contrast(route-63 is shorter; route-64 is less congested).,15,17,2
616bae707e318a59e815a9e6f6392dcb41c4c72528ece68ebdf29492beb7efd3,while-overlap / while-throughout / while-contrast,Saturnia,o200k_base,43,while-contrast,"cell-65 is lighter, whereas cell-66 lasts longer.",while-contrast(cell-65 is lighter; cell-66 lasts longer).,13,15,2
616bae707e318a59e815a9e6f6392dcb41c4c72528ece68ebdf29492beb7efd3,while-overlap / while-throughout / while-contrast,Saturnia,o200k_base,44,while-contrast,"compiler-67 builds faster, whereas compiler-68 emits smaller binaries.",while-contrast(compiler-67 builds faster; compiler-68 emits smaller binaries).,14,17,3
616bae707e318a59e815a9e6f6392dcb41c4c72528ece68ebdf29492beb7efd3,while-overlap / while-throughout / while-contrast,Saturnia,o200k_base,45,while-contrast,"dataset-69 is broader, whereas dataset-70 is more current.",while-contrast(dataset-69 is broader; dataset-70 is more current).,14,16,2
616bae707e318a59e815a9e6f6392dcb41c4c72528ece68ebdf29492beb7efd3,while-overlap / while-throughout / while-contrast,Saturnia,o200k_base,46,while-contrast,"sensor-71 is precise, whereas sensor-72 tolerates heat.",while-contrast(sensor-71 is precise; sensor-72 tolerates heat).,14,16,2
616bae707e318a59e815a9e6f6392dcb41c4c72528ece68ebdf29492beb7efd3,while-overlap / while-throughout / while-contrast,Saturnia,o200k_base,47,while-contrast,"courier-73 costs less, whereas courier-74 arrives sooner.",while-contrast(courier-73 costs less; courier-74 arrives sooner).,14,17,3
616bae707e318a59e815a9e6f6392dcb41c4c72528ece68ebdf29492beb7efd3,while-overlap / while-throughout / while-contrast,Saturnia,o200k_base,48,while-contrast,"interface-75 is compact, whereas interface-76 is easier to learn.",while-contrast(interface-75 is compact; interface-76 is easier to learn).,15,17,2
616bae707e318a59e815a9e6f6392dcb41c4c72528ece68ebdf29492beb7efd3,while-overlap / while-throughout / while-contrast,Saturnia,o200k_base,49,while-contrast,"policy-77 is simpler, whereas policy-78 covers more cases.",while-contrast(policy-77 is simpler; policy-78 covers more cases).,14,16,2
616bae707e318a59e815a9e6f6392dcb41c4c72528ece68ebdf29492beb7efd3,while-overlap / while-throughout / while-contrast,Saturnia,o200k_base,50,while-contrast,"engine-79 uses less memory, whereas engine-80 has lower latency.",while-contrast(engine-79 uses less memory; engine-80 has lower latency).,15,17,2
616bae707e318a59e815a9e6f6392dcb41c4c72528ece68ebdf29492beb7efd3,while-overlap / while-throughout / while-contrast,Saturnia,o200k_base,51,while-contrast,"format-81 is readable, whereas format-82 compresses better.",while-contrast(format-81 is readable; format-82 compresses better).,14,16,2
616bae707e318a59e815a9e6f6392dcb41c4c72528ece68ebdf29492beb7efd3,while-overlap / while-throughout / while-contrast,Saturnia,o200k_base,52,while-contrast,"review-83 is thorough, whereas review-84 finishes sooner.",while-contrast(review-83 is thorough; review-84 finishes sooner).,13,15,2
616bae707e318a59e815a9e6f6392dcb41c4c72528ece68ebdf29492beb7efd3,while-overlap / while-throughout / while-contrast,Saturnia,o200k_base,53,while-contrast,"forecast-85 is stable, whereas forecast-86 reacts faster.",while-contrast(forecast-85 is stable; forecast-86 reacts faster).,13,17,4
616bae707e318a59e815a9e6f6392dcb41c4c72528ece68ebdf29492beb7efd3,while-overlap / while-throughout / while-contrast,Saturnia,o200k_base,54,while-contrast,"network-87 is isolated, whereas network-88 has more capacity.",while-contrast(network-87 is isolated; network-88 has more capacity).,14,16,2
616bae707e318a59e815a9e6f6392dcb41c4c72528ece68ebdf29492beb7efd3,while-overlap / while-throughout / while-contrast,Saturnia,o200k_base,55,while-contrast,"schedule-89 starts earlier, whereas schedule-90 needs fewer staff.",while-contrast(schedule-89 starts earlier; schedule-90 needs fewer staff).,14,16,2
616bae707e318a59e815a9e6f6392dcb41c4c72528ece68ebdf29492beb7efd3,while-overlap / while-throughout / while-contrast,Saturnia,o200k_base,56,while-contrast,"alloy-91 is stronger, whereas alloy-92 is easier to machine.",while-contrast(alloy-91 is stronger; alloy-92 is easier to machine).,16,18,2
616bae707e318a59e815a9e6f6392dcb41c4c72528ece68ebdf29492beb7efd3,while-overlap / while-throughout / while-contrast,Saturnia,o200k_base,57,while-contrast,"rail-93 settles sooner, whereas rail-94 charges less.",while-contrast(rail-93 settles sooner; rail-94 charges less).,13,16,3
616bae707e318a59e815a9e6f6392dcb41c4c72528ece68ebdf29492beb7efd3,while-overlap / while-throughout / while-contrast,Saturnia,o200k_base,58,while-contrast,"cache-95 is fresher, whereas cache-96 serves more requests.",while-contrast(cache-95 is fresher; cache-96 serves more requests).,15,17,2
616bae707e318a59e815a9e6f6392dcb41c4c72528ece68ebdf29492beb7efd3,while-overlap / while-throughout / while-contrast,Saturnia,o200k_base,59,while-contrast,"report-97 is concise, whereas report-98 includes more evidence.",while-contrast(report-97 is concise; report-98 includes more evidence).,14,16,2
616bae707e318a59e815a9e6f6392dcb41c4c72528ece68ebdf29492beb7efd3,while-overlap / while-throughout / while-contrast,Saturnia,p50k_base,0,while-overlap,"During a nonempty part of upload-31, checksum-check-31 runs.",while-overlap(upload-31; checksum-check-31 runs).,18,17,-1
616bae707e318a59e815a9e6f6392dcb41c4c72528ece68ebdf29492beb7efd3,while-overlap / while-throughout / while-contrast,Saturnia,p50k_base,1,while-overlap,"During a nonempty part of backup-42, index-scan-42 runs.",while-overlap(backup-42; index-scan-42 runs).,17,17,0
616bae707e318a59e815a9e6f6392dcb41c4c72528ece68ebdf29492beb7efd3,while-overlap / while-throughout / while-contrast,Saturnia,p50k_base,2,while-overlap,"During a nonempty part of training-run-18, validation-sample-18 executes.",while-overlap(training-run-18; validation-sample-18 executes).,19,18,-1
616bae707e318a59e815a9e6f6392dcb41c4c72528ece68ebdf29492beb7efd3,while-overlap / while-throughout / while-contrast,Saturnia,p50k_base,3,while-overlap,"During a nonempty part of loading-window-7, parcel-scan-7 occurs.",while-overlap(loading-window-7; parcel-scan-7 occurs).,19,18,-1
616bae707e318a59e815a9e6f6392dcb41c4c72528ece68ebdf29492beb7efd3,while-overlap / while-throughout / while-contrast,Saturnia,p50k_base,4,while-overlap,"During a nonempty part of calibration-cycle-14, sensor-sample-14 is collected.",while-overlap(calibration-cycle-14; sensor-sample-14 is collected).,20,21,1
616bae707e318a59e815a9e6f6392dcb41c4c72528ece68ebdf29492beb7efd3,while-overlap / while-throughout / while-contrast,Saturnia,p50k_base,5,while-overlap,"During a nonempty part of migration-23, snapshot-23 is captured.",while-overlap(migration-23; snapshot-23 is captured).,16,16,0
616bae707e318a59e815a9e6f6392dcb41c4c72528ece68ebdf29492beb7efd3,while-overlap / while-throughout / while-contrast,Saturnia,p50k_base,6,while-overlap,"During a nonempty part of broadcast-11, audio-monitor-11 listens.",while-overlap(broadcast-11; audio-monitor-11 listens).,17,17,0
616bae707e318a59e815a9e6f6392dcb41c4c72528ece68ebdf29492beb7efd3,while-overlap / while-throughout / while-contrast,Saturnia,p50k_base,7,while-overlap,"During a nonempty part of batch-job-29, queue-probe-29 executes.",while-overlap(batch-job-29; queue-probe-29 executes).,20,19,-1
616bae707e318a59e815a9e6f6392dcb41c4c72528ece68ebdf29492beb7efd3,while-overlap / while-throughout / while-contrast,Saturnia,p50k_base,8,while-overlap,"During a nonempty part of stress-test-16, cooling-reading-16 is taken.",while-overlap(stress-test-16; cooling-reading-16 is taken).,20,19,-1
616bae707e318a59e815a9e6f6392dcb41c4c72528ece68ebdf29492beb7efd3,while-overlap / while-throughout / while-contrast,Saturnia,p50k_base,9,while-overlap,"During a nonempty part of settlement-run-8, ledger-audit-8 begins.",while-overlap(settlement-run-8; ledger-audit-8 begins).,20,20,0
616bae707e318a59e815a9e6f6392dcb41c4c72528ece68ebdf29492beb7efd3,while-overlap / while-throughout / while-contrast,Saturnia,p50k_base,10,while-overlap,"During a nonempty part of delivery-trip-35, route-observation-35 occurs.",while-overlap(delivery-trip-35; route-observation-35 occurs).,21,21,0
616bae707e318a59e815a9e6f6392dcb41c4c72528ece68ebdf29492beb7efd3,while-overlap / while-throughout / while-contrast,Saturnia,p50k_base,11,while-overlap,"During a nonempty part of simulation-27, memory-profile-27 runs.",while-overlap(simulation-27; memory-profile-27 runs).,17,17,0
616bae707e318a59e815a9e6f6392dcb41c4c72528ece68ebdf29492beb7efd3,while-overlap / while-throughout / while-contrast,Saturnia,p50k_base,12,while-overlap,"During a nonempty part of maintenance-window-19, access-review-19 happens.",while-overlap(maintenance-window-19; access-review-19 happens).,19,19,0
616bae707e318a59e815a9e6f6392dcb41c4c72528ece68ebdf29492beb7efd3,while-overlap / while-throughout / while-contrast,Saturnia,p50k_base,13,while-overlap,"During a nonempty part of render-pass-44, image-sample-44 is saved.",while-overlap(render-pass-44; image-sample-44 is saved).,20,19,-1
616bae707e318a59e815a9e6f6392dcb41c4c72528ece68ebdf29492beb7efd3,while-overlap / while-throughout / while-contrast,Saturnia,p50k_base,14,while-overlap,"During a nonempty part of deployment-12, heartbeat-check-12 executes.",while-overlap(deployment-12; heartbeat-check-12 executes).,17,18,1
616bae707e318a59e815a9e6f6392dcb41c4c72528ece68ebdf29492beb7efd3,while-overlap / while-throughout / while-contrast,Saturnia,p50k_base,15,while-overlap,"During a nonempty part of assembly-run-25, quality-inspection-25 occurs.",while-overlap(assembly-run-25; quality-inspection-25 occurs).,20,19,-1
616bae707e318a59e815a9e6f6392dcb41c4c72528ece68ebdf29492beb7efd3,while-overlap / while-throughout / while-contrast,Saturnia,p50k_base,16,while-overlap,"During a nonempty part of incident-call-33, log-export-33 completes.",while-overlap(incident-call-33; log-export-33 completes).,19,19,0
616bae707e318a59e815a9e6f6392dcb41c4c72528ece68ebdf29492beb7efd3,while-overlap / while-throughout / while-contrast,Saturnia,p50k_base,17,while-overlap,"During a nonempty part of road-closure-6, traffic-count-6 is measured.",while-overlap(road-closure-6; traffic-count-6 is measured).,20,19,-1
616bae707e318a59e815a9e6f6392dcb41c4c72528ece68ebdf29492beb7efd3,while-overlap / while-throughout / while-contrast,Saturnia,p50k_base,18,while-overlap,"During a nonempty part of charging-session-21, power-sample-21 is recorded.",while-overlap(charging-session-21; power-sample-21 is recorded).,20,19,-1
616bae707e318a59e815a9e6f6392dcb41c4c72528ece68ebdf29492beb7efd3,while-overlap / while-throughout / while-contrast,Saturnia,p50k_base,19,while-overlap,"During a nonempty part of trial-period-15, policy-review-15 convenes.",while-overlap(trial-period-15; policy-review-15 convenes).,20,19,-1
616bae707e318a59e815a9e6f6392dcb41c4c72528ece68ebdf29492beb7efd3,while-overlap / while-throughout / while-contrast,Saturnia,p50k_base,20,while-throughout,"Throughout the entire interval migration-51, service-51 remains available.",while-throughout(migration-51; service-51 remains available).,14,16,2
616bae707e318a59e815a9e6f6392dcb41c4c72528ece68ebdf29492beb7efd3,while-overlap / while-throughout / while-contrast,Saturnia,p50k_base,21,while-throughout,"Throughout the entire interval rotation-34, key-34 remains held.",while-throughout(rotation-34; key-34 remains held).,14,16,2
616bae707e318a59e815a9e6f6392dcb41c4c72528ece68ebdf29492beb7efd3,while-overlap / while-throughout / while-contrast,Saturnia,p50k_base,22,while-throughout,"Throughout the entire interval procedure-22, patient-22 remains monitored.",while-throughout(procedure-22; patient-22 remains monitored).,14,17,3
616bae707e318a59e815a9e6f6392dcb41c4c72528ece68ebdf29492beb7efd3,while-overlap / while-throughout / while-contrast,Saturnia,p50k_base,23,while-throughout,"Throughout the entire interval transfer-47, link-47 remains encrypted.",while-throughout(transfer-47; link-47 remains encrypted).,14,15,1
616bae707e318a59e815a9e6f6392dcb41c4c72528ece68ebdf29492beb7efd3,while-overlap / while-throughout / while-contrast,Saturnia,p50k_base,24,while-throughout,"Throughout the entire interval inspection-13, door-13 remains locked.",while-throughout(inspection-13; door-13 remains locked).,14,16,2
616bae707e318a59e815a9e6f6392dcb41c4c72528ece68ebdf29492beb7efd3,while-overlap / while-throughout / while-contrast,Saturnia,p50k_base,25,while-throughout,"Throughout the entire interval recovery-26, replica-26 remains read-only.",while-throughout(recovery-26; replica-26 remains read-only).,16,19,3
616bae707e318a59e815a9e6f6392dcb41c4c72528ece68ebdf29492beb7efd3,while-overlap / while-throughout / while-contrast,Saturnia,p50k_base,26,while-throughout,"Throughout the entire interval test-cycle-39, motor-39 remains guarded.",while-throughout(test-cycle-39; motor-39 remains guarded).,16,17,1
616bae707e318a59e815a9e6f6392dcb41c4c72528ece68ebdf29492beb7efd3,while-overlap / while-throughout / while-contrast,Saturnia,p50k_base,27,while-throughout,"Throughout the entire interval restore-17, archive-17 remains mounted.",while-throughout(restore-17; archive-17 remains mounted).,14,16,2
616bae707e318a59e815a9e6f6392dcb41c4c72528ece68ebdf29492beb7efd3,while-overlap / while-throughout / while-contrast,Saturnia,p50k_base,28,while-throughout,"Throughout the entire interval recording-28, channel-28 remains muted.",while-throughout(recording-28; channel-28 remains muted).,14,16,2
616bae707e318a59e815a9e6f6392dcb41c4c72528ece68ebdf29492beb7efd3,while-overlap / while-throughout / while-contrast,Saturnia,p50k_base,29,while-throughout,"Throughout the entire interval incubation-32, temperature-32 remains stable.",while-throughout(incubation-32; temperature-32 remains stable).,15,17,2
616bae707e318a59e815a9e6f6392dcb41c4c72528ece68ebdf29492beb7efd3,while-overlap / while-throughout / while-contrast,Saturnia,p50k_base,30,while-throughout,"Throughout the entire interval handoff-9, token-9 remains valid.",while-throughout(handoff-9; token-9 remains valid).,15,16,1
616bae707e318a59e815a9e6f6392dcb41c4c72528ece68ebdf29492beb7efd3,while-overlap / while-throughout / while-contrast,Saturnia,p50k_base,31,while-throughout,"Throughout the entire interval analysis-41, workspace-41 remains isolated.",while-throughout(analysis-41; workspace-41 remains isolated).,14,15,1
616bae707e318a59e815a9e6f6392dcb41c4c72528ece68ebdf29492beb7efd3,while-overlap / while-throughout / while-contrast,Saturnia,p50k_base,32,while-throughout,"Throughout the entire interval pressure-check-24, valve-24 remains closed.",while-throughout(pressure-check-24; valve-24 remains closed).,16,17,1
616bae707e318a59e815a9e6f6392dcb41c4c72528ece68ebdf29492beb7efd3,while-overlap / while-throughout / while-contrast,Saturnia,p50k_base,33,while-throughout,"Throughout the entire interval measurement-run-36, clock-36 remains synchronised.",while-throughout(measurement-run-36; clock-36 remains synchronised).,17,20,3
616bae707e318a59e815a9e6f6392dcb41c4c72528ece68ebdf29492beb7efd3,while-overlap / while-throughout / while-contrast,Saturnia,p50k_base,34,while-throughout,"Throughout the entire interval release-audit-20, branch-20 remains frozen.",while-throughout(release-audit-20; branch-20 remains frozen).,17,18,1
616bae707e318a59e815a9e6f6392dcb41c4c72528ece68ebdf29492beb7efd3,while-overlap / while-throughout / while-contrast,Saturnia,p50k_base,35,while-throughout,"Throughout the entire interval wildlife-survey-43, camera-43 remains active.",while-throughout(wildlife-survey-43; camera-43 remains active).,17,19,2
616bae707e318a59e815a9e6f6392dcb41c4c72528ece68ebdf29492beb7efd3,while-overlap / while-throughout / while-contrast,Saturnia,p50k_base,36,while-throughout,"Throughout the entire interval malware-scan-30, backup-30 remains offline.",while-throughout(malware-scan-30; backup-30 remains offline).,16,18,2
616bae707e318a59e815a9e6f6392dcb41c4c72528ece68ebdf29492beb7efd3,while-overlap / while-throughout / while-contrast,Saturnia,p50k_base,37,while-throughout,"Throughout the entire interval interview-10, consent-10 remains current.",while-throughout(interview-10; consent-10 remains current).,14,16,2
616bae707e318a59e815a9e6f6392dcb41c4c72528ece68ebdf29492beb7efd3,while-overlap / while-throughout / while-contrast,Saturnia,p50k_base,38,while-throughout,"Throughout the entire interval evacuation-drill-38, lane-38 remains clear.",while-throughout(evacuation-drill-38; lane-38 remains clear).,17,20,3
616bae707e318a59e815a9e6f6392dcb41c4c72528ece68ebdf29492beb7efd3,while-overlap / while-throughout / while-contrast,Saturnia,p50k_base,39,while-throughout,"Throughout the entire interval replication-45, checksum-45 remains fixed.",while-throughout(replication-45; checksum-45 remains fixed).,15,17,2
616bae707e318a59e815a9e6f6392dcb41c4c72528ece68ebdf29492beb7efd3,while-overlap / while-throughout / while-contrast,Saturnia,p50k_base,40,while-contrast,"local-model-61 is private, whereas hosted-model-61 is faster.",while-contrast(local-model-61 is private; hosted-model-61 is faster).,17,21,4
616bae707e318a59e815a9e6f6392dcb41c4c72528ece68ebdf29492beb7efd3,while-overlap / while-throughout / while-contrast,Saturnia,p50k_base,41,while-contrast,"archive-62 is cheaper, whereas database-62 is easier to query.",while-contrast(archive-62 is cheaper; database-62 is easier to query).,15,19,4
616bae707e318a59e815a9e6f6392dcb41c4c72528ece68ebdf29492beb7efd3,while-overlap / while-throughout / while-contrast,Saturnia,p50k_base,42,while-contrast,"route-63 is shorter, whereas route-64 is less congested.",while-contrast(route-63 is shorter; route-64 is less congested).,15,19,4
616bae707e318a59e815a9e6f6392dcb41c4c72528ece68ebdf29492beb7efd3,while-overlap / while-throughout / while-contrast,Saturnia,p50k_base,43,while-contrast,"cell-65 is lighter, whereas cell-66 lasts longer.",while-contrast(cell-65 is lighter; cell-66 lasts longer).,13,17,4
616bae707e318a59e815a9e6f6392dcb41c4c72528ece68ebdf29492beb7efd3,while-overlap / while-throughout / while-contrast,Saturnia,p50k_base,44,while-contrast,"compiler-67 builds faster, whereas compiler-68 emits smaller binaries.",while-contrast(compiler-67 builds faster; compiler-68 emits smaller binaries).,15,19,4
616bae707e318a59e815a9e6f6392dcb41c4c72528ece68ebdf29492beb7efd3,while-overlap / while-throughout / while-contrast,Saturnia,p50k_base,45,while-contrast,"dataset-69 is broader, whereas dataset-70 is more current.",while-contrast(dataset-69 is broader; dataset-70 is more current).,16,20,4
616bae707e318a59e815a9e6f6392dcb41c4c72528ece68ebdf29492beb7efd3,while-overlap / while-throughout / while-contrast,Saturnia,p50k_base,46,while-contrast,"sensor-71 is precise, whereas sensor-72 tolerates heat.",while-contrast(sensor-71 is precise; sensor-72 tolerates heat).,15,19,4
616bae707e318a59e815a9e6f6392dcb41c4c72528ece68ebdf29492beb7efd3,while-overlap / while-throughout / while-contrast,Saturnia,p50k_base,47,while-contrast,"courier-73 costs less, whereas courier-74 arrives sooner.",while-contrast(courier-73 costs less; courier-74 arrives sooner).,15,19,4
616bae707e318a59e815a9e6f6392dcb41c4c72528ece68ebdf29492beb7efd3,while-overlap / while-throughout / while-contrast,Saturnia,p50k_base,48,while-contrast,"interface-75 is compact, whereas interface-76 is easier to learn.",while-contrast(interface-75 is compact; interface-76 is easier to learn).,15,19,4
616bae707e318a59e815a9e6f6392dcb41c4c72528ece68ebdf29492beb7efd3,while-overlap / while-throughout / while-contrast,Saturnia,p50k_base,49,while-contrast,"policy-77 is simpler, whereas policy-78 covers more cases.",while-contrast(policy-77 is simpler; policy-78 covers more cases).,14,18,4
616bae707e318a59e815a9e6f6392dcb41c4c72528ece68ebdf29492beb7efd3,while-overlap / while-throughout / while-contrast,Saturnia,p50k_base,50,while-contrast,"engine-79 uses less memory, whereas engine-80 has lower latency.",while-contrast(engine-79 uses less memory; engine-80 has lower latency).,15,19,4
616bae707e318a59e815a9e6f6392dcb41c4c72528ece68ebdf29492beb7efd3,while-overlap / while-throughout / while-contrast,Saturnia,p50k_base,51,while-contrast,"format-81 is readable, whereas format-82 compresses better.",while-contrast(format-81 is readable; format-82 compresses better).,14,18,4
616bae707e318a59e815a9e6f6392dcb41c4c72528ece68ebdf29492beb7efd3,while-overlap / while-throughout / while-contrast,Saturnia,p50k_base,52,while-contrast,"review-83 is thorough, whereas review-84 finishes sooner.",while-contrast(review-83 is thorough; review-84 finishes sooner).,13,17,4
616bae707e318a59e815a9e6f6392dcb41c4c72528ece68ebdf29492beb7efd3,while-overlap / while-throughout / while-contrast,Saturnia,p50k_base,53,while-contrast,"forecast-85 is stable, whereas forecast-86 reacts faster.",while-contrast(forecast-85 is stable; forecast-86 reacts faster).,14,18,4
616bae707e318a59e815a9e6f6392dcb41c4c72528ece68ebdf29492beb7efd3,while-overlap / while-throughout / while-contrast,Saturnia,p50k_base,54,while-contrast,"network-87 is isolated, whereas network-88 has more capacity.",while-contrast(network-87 is isolated; network-88 has more capacity).,14,18,4
616bae707e318a59e815a9e6f6392dcb41c4c72528ece68ebdf29492beb7efd3,while-overlap / while-throughout / while-contrast,Saturnia,p50k_base,55,while-contrast,"schedule-89 starts earlier, whereas schedule-90 needs fewer staff.",while-contrast(schedule-89 starts earlier; schedule-90 needs fewer staff).,15,19,4
616bae707e318a59e815a9e6f6392dcb41c4c72528ece68ebdf29492beb7efd3,while-overlap / while-throughout / while-contrast,Saturnia,p50k_base,56,while-contrast,"alloy-91 is stronger, whereas alloy-92 is easier to machine.",while-contrast(alloy-91 is stronger; alloy-92 is easier to machine).,16,20,4
616bae707e318a59e815a9e6f6392dcb41c4c72528ece68ebdf29492beb7efd3,while-overlap / while-throughout / while-contrast,Saturnia,p50k_base,57,while-contrast,"rail-93 settles sooner, whereas rail-94 charges less.",while-contrast(rail-93 settles sooner; rail-94 charges less).,13,17,4
616bae707e318a59e815a9e6f6392dcb41c4c72528ece68ebdf29492beb7efd3,while-overlap / while-throughout / while-contrast,Saturnia,p50k_base,58,while-contrast,"cache-95 is fresher, whereas cache-96 serves more requests.",while-contrast(cache-95 is fresher; cache-96 serves more requests).,15,19,4
616bae707e318a59e815a9e6f6392dcb41c4c72528ece68ebdf29492beb7efd3,while-overlap / while-throughout / while-contrast,Saturnia,p50k_base,59,while-contrast,"report-97 is concise, whereas report-98 includes more evidence.",while-contrast(report-97 is concise; report-98 includes more evidence).,14,18,4
9af2b0546d5e759096c64090a1c578809cc8f28b90a050b2ce8e6f12769089b4,action-no-undo-action-can-undo-how-5,Saturnia,cl100k_base,0,no-undo,Burned the cipherbook; I cannot reverse this.,"Burned the cipherbook, no-undo.",11,10,-1
9af2b0546d5e759096c64090a1c578809cc8f28b90a050b2ce8e6f12769089b4,action-no-undo-action-can-undo-how-5,Saturnia,cl100k_base,1,no-undo,Leaked the passphrase; I cannot reverse this.,"Leaked the passphrase, no-undo.",10,9,-1
9af2b0546d5e759096c64090a1c578809cc8f28b90a050b2ce8e6f12769089b4,action-no-undo-action-can-undo-how-5,Saturnia,cl100k_base,2,no-undo,Sent the private coordinates; I cannot reverse this.,"Sent the private coordinates, no-undo.",10,9,-1
9af2b0546d5e759096c64090a1c578809cc8f28b90a050b2ce8e6f12769089b4,action-no-undo-action-can-undo-how-5,Saturnia,cl100k_base,3,no-undo,Destroyed the master seed; I cannot reverse this.,"Destroyed the master seed, no-undo.",10,9,-1
9af2b0546d5e759096c64090a1c578809cc8f28b90a050b2ce8e6f12769089b4,action-no-undo-action-can-undo-how-5,Saturnia,cl100k_base,4,no-undo,Published the sealed jury names; I cannot reverse this.,"Published the sealed jury names, no-undo.",11,10,-1
9af2b0546d5e759096c64090a1c578809cc8f28b90a050b2ce8e6f12769089b4,action-no-undo-action-can-undo-how-5,Saturnia,cl100k_base,5,no-undo,Incinerated the sole notarized ownership certificate; I cannot reverse this.,"Incinerated the sole notarized ownership certificate, no-undo.",16,15,-1
9af2b0546d5e759096c64090a1c578809cc8f28b90a050b2ce8e6f12769089b4,action-no-undo-action-can-undo-how-5,Saturnia,cl100k_base,6,no-undo,Broadcast the confidential evacuation route to subscribers; I cannot reverse this.,"Broadcast the confidential evacuation route to subscribers, no-undo.",13,12,-1
9af2b0546d5e759096c64090a1c578809cc8f28b90a050b2ce8e6f12769089b4,action-no-undo-action-can-undo-how-5,Saturnia,cl100k_base,7,no-undo,Overwrote the only offline copy of evidence; I cannot reverse this.,"Overwrote the only offline copy of evidence, no-undo.",15,14,-1
9af2b0546d5e759096c64090a1c578809cc8f28b90a050b2ce8e6f12769089b4,action-no-undo-action-can-undo-how-5,Saturnia,cl100k_base,8,no-undo,Reveal the passphrase; I cannot reverse this.,"Reveal the passphrase, no-undo.",10,9,-1
9af2b0546d5e759096c64090a1c578809cc8f28b90a050b2ce8e6f12769089b4,action-no-undo-action-can-undo-how-5,Saturnia,cl100k_base,9,no-undo,Shred the bearer certificate; I cannot reverse this.,"Shred the bearer certificate, no-undo.",11,10,-1
9af2b0546d5e759096c64090a1c578809cc8f28b90a050b2ce8e6f12769089b4,action-no-undo-action-can-undo-how-5,Saturnia,cl100k_base,10,no-undo,Erase the sole snapshot; I cannot reverse this.,"Erase the sole snapshot, no-undo.",11,10,-1
9af2b0546d5e759096c64090a1c578809cc8f28b90a050b2ce8e6f12769089b4,action-no-undo-action-can-undo-how-5,Saturnia,cl100k_base,11,no-undo,Transmit the unreleased merger terms; I cannot reverse this.,"Transmit the unreleased merger terms, no-undo.",13,12,-1
9af2b0546d5e759096c64090a1c578809cc8f28b90a050b2ce8e6f12769089b4,action-no-undo-action-can-undo-how-5,Saturnia,cl100k_base,12,no-undo,Burn the only signing shard; I cannot reverse this.,"Burn the only signing shard, no-undo.",11,10,-1
9af2b0546d5e759096c64090a1c578809cc8f28b90a050b2ce8e6f12769089b4,action-no-undo-action-can-undo-how-5,Saturnia,cl100k_base,13,no-undo,Publish the confidential witness address; I cannot reverse this.,"Publish the confidential witness address, no-undo.",11,10,-1
9af2b0546d5e759096c64090a1c578809cc8f28b90a050b2ce8e6f12769089b4,action-no-undo-action-can-undo-how-5,Saturnia,cl100k_base,14,no-undo,Delete the sole source archive; I cannot reverse this.,"Delete the sole source archive, no-undo.",11,10,-1
9af2b0546d5e759096c64090a1c578809cc8f28b90a050b2ce8e6f12769089b4,action-no-undo-action-can-undo-how-5,Saturnia,cl100k_base,15,no-undo,Destroy the sole printed recovery phrase immediately; I cannot reverse this.,"Destroy the sole printed recovery phrase immediately, no-undo.",13,12,-1
9af2b0546d5e759096c64090a1c578809cc8f28b90a050b2ce8e6f12769089b4,action-no-undo-action-can-undo-how-5,Saturnia,cl100k_base,16,can-undo,Archived the design notebook; I can reverse this via the notebook archive restore action.,"Archived the design notebook, can-undo(the notebook archive restore action).",17,15,-2
9af2b0546d5e759096c64090a1c578809cc8f28b90a050b2ce8e6f12769089b4,action-no-undo-action-can-undo-how-5,Saturnia,cl100k_base,17,can-undo,Hide the sidebar; I can reverse this via the visibility toggle.,"Hide the sidebar, can-undo(the visibility toggle).",13,11,-2
9af2b0546d5e759096c64090a1c578809cc8f28b90a050b2ce8e6f12769089b4,action-no-undo-action-can-undo-how-5,Saturnia,cl100k_base,18,can-undo,Muted the customer escalation notification channel; I can reverse this via the prior notification setting restore.,"Muted the customer escalation notification channel, can-undo(the prior notification setting restore).",19,17,-2
9af2b0546d5e759096c64090a1c578809cc8f28b90a050b2ce8e6f12769089b4,action-no-undo-action-can-undo-how-5,Saturnia,cl100k_base,19,can-undo,Removed the unused dashboard; I can reverse this via the dashboard recycle bin restore within 30 days.,"Removed the unused dashboard, can-undo(the dashboard recycle bin restore; 30d).",20,18,-2
9af2b0546d5e759096c64090a1c578809cc8f28b90a050b2ce8e6f12769089b4,action-no-undo-action-can-undo-how-5,Saturnia,cl100k_base,20,can-undo,Move the note into trash; I can reverse this via the trash restore within 30 days.,"Move the note into trash, can-undo(the trash restore; 30d).",19,17,-2
9af2b0546d5e759096c64090a1c578809cc8f28b90a050b2ce8e6f12769089b4,action-no-undo-action-can-undo-how-5,Saturnia,cl100k_base,21,can-undo,Closed the request; I can reverse this via the reopen link within 7 days.,"Closed the request, can-undo(the reopen link; 7d).",17,15,-2
9af2b0546d5e759096c64090a1c578809cc8f28b90a050b2ce8e6f12769089b4,action-no-undo-action-can-undo-how-5,Saturnia,cl100k_base,22,can-undo,Paused the scheduled invoice batch; the finance operator can reverse this via the resume control.,"Paused the scheduled invoice batch, can-undo(the resume control; the finance operator).",17,17,0
9af2b0546d5e759096c64090a1c578809cc8f28b90a050b2ce8e6f12769089b4,action-no-undo-action-can-undo-how-5,Saturnia,cl100k_base,23,can-undo,Disable the shared webhook delivery route; the workspace administrator can reverse this via the documented webhook re-enable control.,"Disable the shared webhook delivery route, can-undo(the documented webhook re-enable control; the workspace administrator).",21,21,0
9af2b0546d5e759096c64090a1c578809cc8f28b90a050b2ce8e6f12769089b4,action-no-undo-action-can-undo-how-5,Saturnia,cl100k_base,24,can-undo,Froze the deployment schedule; the release manager can reverse this via the thaw control.,"Froze the deployment schedule, can-undo(the thaw control; the release manager).",18,18,0
9af2b0546d5e759096c64090a1c578809cc8f28b90a050b2ce8e6f12769089b4,action-no-undo-action-can-undo-how-5,Saturnia,cl100k_base,25,can-undo,Downgraded the analytics retention tier; I can reverse this via the prior tier selector; cost 25 usd.,"Downgraded the analytics retention tier, can-undo(the prior tier selector; 25 usd).",23,20,-3
9af2b0546d5e759096c64090a1c578809cc8f28b90a050b2ce8e6f12769089b4,action-no-undo-action-can-undo-how-5,Saturnia,cl100k_base,26,can-undo,Lower the quota; I can reverse this via the quota slider; cost 5 credits.,"Lower the quota, can-undo(the quota slider; 5 credits).",18,15,-3
9af2b0546d5e759096c64090a1c578809cc8f28b90a050b2ce8e6f12769089b4,action-no-undo-action-can-undo-how-5,Saturnia,cl100k_base,27,can-undo,Revoked the temporary laboratory access badge; the security desk can reverse this via the exact badge reactivation within 14 days.,"Revoked the temporary laboratory access badge, can-undo(the exact badge reactivation; the security desk; 14d).",25,25,0
9af2b0546d5e759096c64090a1c578809cc8f28b90a050b2ce8e6f12769089b4,action-no-undo-action-can-undo-how-5,Saturnia,cl100k_base,28,can-undo,Suspend the indexing worker; the service owner can reverse this via the restart control within 2 hours.,"Suspend the indexing worker, can-undo(the restart control; the service owner; 2h).",21,21,0
9af2b0546d5e759096c64090a1c578809cc8f28b90a050b2ce8e6f12769089b4,action-no-undo-action-can-undo-how-5,Saturnia,cl100k_base,29,can-undo,Transfer the reserved sandbox billing profile; the billing administrator can reverse this via the signed transfer reversal request; cost 3 credits.,"Transfer the reserved sandbox billing profile, can-undo(the signed transfer reversal request; the billing administrator; 3 credits).",25,24,-1
9af2b0546d5e759096c64090a1c578809cc8f28b90a050b2ce8e6f12769089b4,action-no-undo-action-can-undo-how-5,Saturnia,cl100k_base,30,can-undo,Release the reserved package name to registry; I can reverse this via the package redemption procedure within 30 days; cost 80 usd.,"Release the reserved package name to registry, can-undo(the package redemption procedure; 30d; 80 usd).",28,25,-3
9af2b0546d5e759096c64090a1c578809cc8f28b90a050b2ce8e6f12769089b4,action-no-undo-action-can-undo-how-5,Saturnia,cl100k_base,31,can-undo,Lock the archived project membership list; the project custodian can reverse this via the membership unlock within 1 day; cost 2 credits.,"Lock the archived project membership list, can-undo(the membership unlock; the project custodian; 1d; 2 credits).",28,27,-1
9af2b0546d5e759096c64090a1c578809cc8f28b90a050b2ce8e6f12769089b4,action-no-undo-action-can-undo-how-5,Saturnia,o200k_base,0,no-undo,Burned the cipherbook; I cannot reverse this.,"Burned the cipherbook, no-undo.",11,10,-1
9af2b0546d5e759096c64090a1c578809cc8f28b90a050b2ce8e6f12769089b4,action-no-undo-action-can-undo-how-5,Saturnia,o200k_base,1,no-undo,Leaked the passphrase; I cannot reverse this.,"Leaked the passphrase, no-undo.",11,10,-1
9af2b0546d5e759096c64090a1c578809cc8f28b90a050b2ce8e6f12769089b4,action-no-undo-action-can-undo-how-5,Saturnia,o200k_base,2,no-undo,Sent the private coordinates; I cannot reverse this.,"Sent the private coordinates, no-undo.",10,9,-1
9af2b0546d5e759096c64090a1c578809cc8f28b90a050b2ce8e6f12769089b4,action-no-undo-action-can-undo-how-5,Saturnia,o200k_base,3,no-undo,Destroyed the master seed; I cannot reverse this.,"Destroyed the master seed, no-undo.",10,9,-1
9af2b0546d5e759096c64090a1c578809cc8f28b90a050b2ce8e6f12769089b4,action-no-undo-action-can-undo-how-5,Saturnia,o200k_base,4,no-undo,Published the sealed jury names; I cannot reverse this.,"Published the sealed jury names, no-undo.",11,10,-1
9af2b0546d5e759096c64090a1c578809cc8f28b90a050b2ce8e6f12769089b4,action-no-undo-action-can-undo-how-5,Saturnia,o200k_base,5,no-undo,Incinerated the sole notarized ownership certificate; I cannot reverse this.,"Incinerated the sole notarized ownership certificate, no-undo.",15,14,-1
9af2b0546d5e759096c64090a1c578809cc8f28b90a050b2ce8e6f12769089b4,action-no-undo-action-can-undo-how-5,Saturnia,o200k_base,6,no-undo,Broadcast the confidential evacuation route to subscribers; I cannot reverse this.,"Broadcast the confidential evacuation route to subscribers, no-undo.",13,12,-1
9af2b0546d5e759096c64090a1c578809cc8f28b90a050b2ce8e6f12769089b4,action-no-undo-action-can-undo-how-5,Saturnia,o200k_base,7,no-undo,Overwrote the only offline copy of evidence; I cannot reverse this.,"Overwrote the only offline copy of evidence, no-undo.",15,14,-1
9af2b0546d5e759096c64090a1c578809cc8f28b90a050b2ce8e6f12769089b4,action-no-undo-action-can-undo-how-5,Saturnia,o200k_base,8,no-undo,Reveal the passphrase; I cannot reverse this.,"Reveal the passphrase, no-undo.",10,9,-1
9af2b0546d5e759096c64090a1c578809cc8f28b90a050b2ce8e6f12769089b4,action-no-undo-action-can-undo-how-5,Saturnia,o200k_base,9,no-undo,Shred the bearer certificate; I cannot reverse this.,"Shred the bearer certificate, no-undo.",11,10,-1
9af2b0546d5e759096c64090a1c578809cc8f28b90a050b2ce8e6f12769089b4,action-no-undo-action-can-undo-how-5,Saturnia,o200k_base,10,no-undo,Erase the sole snapshot; I cannot reverse this.,"Erase the sole snapshot, no-undo.",10,9,-1
9af2b0546d5e759096c64090a1c578809cc8f28b90a050b2ce8e6f12769089b4,action-no-undo-action-can-undo-how-5,Saturnia,o200k_base,11,no-undo,Transmit the unreleased merger terms; I cannot reverse this.,"Transmit the unreleased merger terms, no-undo.",12,11,-1
9af2b0546d5e759096c64090a1c578809cc8f28b90a050b2ce8e6f12769089b4,action-no-undo-action-can-undo-how-5,Saturnia,o200k_base,12,no-undo,Burn the only signing shard; I cannot reverse this.,"Burn the only signing shard, no-undo.",11,10,-1
9af2b0546d5e759096c64090a1c578809cc8f28b90a050b2ce8e6f12769089b4,action-no-undo-action-can-undo-how-5,Saturnia,o200k_base,13,no-undo,Publish the confidential witness address; I cannot reverse this.,"Publish the confidential witness address, no-undo.",11,10,-1
9af2b0546d5e759096c64090a1c578809cc8f28b90a050b2ce8e6f12769089b4,action-no-undo-action-can-undo-how-5,Saturnia,o200k_base,14,no-undo,Delete the sole source archive; I cannot reverse this.,"Delete the sole source archive, no-undo.",11,10,-1
9af2b0546d5e759096c64090a1c578809cc8f28b90a050b2ce8e6f12769089b4,action-no-undo-action-can-undo-how-5,Saturnia,o200k_base,15,no-undo,Destroy the sole printed recovery phrase immediately; I cannot reverse this.,"Destroy the sole printed recovery phrase immediately, no-undo.",13,12,-1
9af2b0546d5e759096c64090a1c578809cc8f28b90a050b2ce8e6f12769089b4,action-no-undo-action-can-undo-how-5,Saturnia,o200k_base,16,can-undo,Archived the design notebook; I can reverse this via the notebook archive restore action.,"Archived the design notebook, can-undo(the notebook archive restore action).",16,14,-2
9af2b0546d5e759096c64090a1c578809cc8f28b90a050b2ce8e6f12769089b4,action-no-undo-action-can-undo-how-5,Saturnia,o200k_base,17,can-undo,Hide the sidebar; I can reverse this via the visibility toggle.,"Hide the sidebar, can-undo(the visibility toggle).",13,11,-2
9af2b0546d5e759096c64090a1c578809cc8f28b90a050b2ce8e6f12769089b4,action-no-undo-action-can-undo-how-5,Saturnia,o200k_base,18,can-undo,Muted the customer escalation notification channel; I can reverse this via the prior notification setting restore.,"Muted the customer escalation notification channel, can-undo(the prior notification setting restore).",18,16,-2
9af2b0546d5e759096c64090a1c578809cc8f28b90a050b2ce8e6f12769089b4,action-no-undo-action-can-undo-how-5,Saturnia,o200k_base,19,can-undo,Removed the unused dashboard; I can reverse this via the dashboard recycle bin restore within 30 days.,"Removed the unused dashboard, can-undo(the dashboard recycle bin restore; 30d).",20,18,-2
9af2b0546d5e759096c64090a1c578809cc8f28b90a050b2ce8e6f12769089b4,action-no-undo-action-can-undo-how-5,Saturnia,o200k_base,20,can-undo,Move the note into trash; I can reverse this via the trash restore within 30 days.,"Move the note into trash, can-undo(the trash restore; 30d).",19,17,-2
9af2b0546d5e759096c64090a1c578809cc8f28b90a050b2ce8e6f12769089b4,action-no-undo-action-can-undo-how-5,Saturnia,o200k_base,21,can-undo,Closed the request; I can reverse this via the reopen link within 7 days.,"Closed the request, can-undo(the reopen link; 7d).",17,15,-2
9af2b0546d5e759096c64090a1c578809cc8f28b90a050b2ce8e6f12769089b4,action-no-undo-action-can-undo-how-5,Saturnia,o200k_base,22,can-undo,Paused the scheduled invoice batch; the finance operator can reverse this via the resume control.,"Paused the scheduled invoice batch, can-undo(the resume control; the finance operator).",17,17,0
9af2b0546d5e759096c64090a1c578809cc8f28b90a050b2ce8e6f12769089b4,action-no-undo-action-can-undo-how-5,Saturnia,o200k_base,23,can-undo,Disable the shared webhook delivery route; the workspace administrator can reverse this via the documented webhook re-enable control.,"Disable the shared webhook delivery route, can-undo(the documented webhook re-enable control; the workspace administrator).",21,21,0
9af2b0546d5e759096c64090a1c578809cc8f28b90a050b2ce8e6f12769089b4,action-no-undo-action-can-undo-how-5,Saturnia,o200k_base,24,can-undo,Froze the deployment schedule; the release manager can reverse this via the thaw control.,"Froze the deployment schedule, can-undo(the thaw control; the release manager).",18,18,0
9af2b0546d5e759096c64090a1c578809cc8f28b90a050b2ce8e6f12769089b4,action-no-undo-action-can-undo-how-5,Saturnia,o200k_base,25,can-undo,Downgraded the analytics retention tier; I can reverse this via the prior tier selector; cost 25 usd.,"Downgraded the analytics retention tier, can-undo(the prior tier selector; 25 usd).",24,21,-3
9af2b0546d5e759096c64090a1c578809cc8f28b90a050b2ce8e6f12769089b4,action-no-undo-action-can-undo-how-5,Saturnia,o200k_base,26,can-undo,Lower the quota; I can reverse this via the quota slider; cost 5 credits.,"Lower the quota, can-undo(the quota slider; 5 credits).",18,15,-3
9af2b0546d5e759096c64090a1c578809cc8f28b90a050b2ce8e6f12769089b4,action-no-undo-action-can-undo-how-5,Saturnia,o200k_base,27,can-undo,Revoked the temporary laboratory access badge; the security desk can reverse this via the exact badge reactivation within 14 days.,"Revoked the temporary laboratory access badge, can-undo(the exact badge reactivation; the security desk; 14d).",25,25,0
9af2b0546d5e759096c64090a1c578809cc8f28b90a050b2ce8e6f12769089b4,action-no-undo-action-can-undo-how-5,Saturnia,o200k_base,28,can-undo,Suspend the indexing worker; the service owner can reverse this via the restart control within 2 hours.,"Suspend the indexing worker, can-undo(the restart control; the service owner; 2h).",20,20,0
9af2b0546d5e759096c64090a1c578809cc8f28b90a050b2ce8e6f12769089b4,action-no-undo-action-can-undo-how-5,Saturnia,o200k_base,29,can-undo,Transfer the reserved sandbox billing profile; the billing administrator can reverse this via the signed transfer reversal request; cost 3 credits.,"Transfer the reserved sandbox billing profile, can-undo(the signed transfer reversal request; the billing administrator; 3 credits).",25,24,-1
9af2b0546d5e759096c64090a1c578809cc8f28b90a050b2ce8e6f12769089b4,action-no-undo-action-can-undo-how-5,Saturnia,o200k_base,30,can-undo,Release the reserved package name to registry; I can reverse this via the package redemption procedure within 30 days; cost 80 usd.,"Release the reserved package name to registry, can-undo(the package redemption procedure; 30d; 80 usd).",27,24,-3
9af2b0546d5e759096c64090a1c578809cc8f28b90a050b2ce8e6f12769089b4,action-no-undo-action-can-undo-how-5,Saturnia,o200k_base,31,can-undo,Lock the archived project membership list; the project custodian can reverse this via the membership unlock within 1 day; cost 2 credits.,"Lock the archived project membership list, can-undo(the membership unlock; the project custodian; 1d; 2 credits).",28,27,-1
9af2b0546d5e759096c64090a1c578809cc8f28b90a050b2ce8e6f12769089b4,action-no-undo-action-can-undo-how-5,Saturnia,p50k_base,0,no-undo,Burned the cipherbook; I cannot reverse this.,"Burned the cipherbook, no-undo.",11,10,-1
9af2b0546d5e759096c64090a1c578809cc8f28b90a050b2ce8e6f12769089b4,action-no-undo-action-can-undo-how-5,Saturnia,p50k_base,1,no-undo,Leaked the passphrase; I cannot reverse this.,"Leaked the passphrase, no-undo.",11,10,-1
9af2b0546d5e759096c64090a1c578809cc8f28b90a050b2ce8e6f12769089b4,action-no-undo-action-can-undo-how-5,Saturnia,p50k_base,2,no-undo,Sent the private coordinates; I cannot reverse this.,"Sent the private coordinates, no-undo.",10,9,-1
9af2b0546d5e759096c64090a1c578809cc8f28b90a050b2ce8e6f12769089b4,action-no-undo-action-can-undo-how-5,Saturnia,p50k_base,3,no-undo,Destroyed the master seed; I cannot reverse this.,"Destroyed the master seed, no-undo.",11,10,-1
9af2b0546d5e759096c64090a1c578809cc8f28b90a050b2ce8e6f12769089b4,action-no-undo-action-can-undo-how-5,Saturnia,p50k_base,4,no-undo,Published the sealed jury names; I cannot reverse this.,"Published the sealed jury names, no-undo.",11,10,-1
9af2b0546d5e759096c64090a1c578809cc8f28b90a050b2ce8e6f12769089b4,action-no-undo-action-can-undo-how-5,Saturnia,p50k_base,5,no-undo,Incinerated the sole notarized ownership certificate; I cannot reverse this.,"Incinerated the sole notarized ownership certificate, no-undo.",16,15,-1
9af2b0546d5e759096c64090a1c578809cc8f28b90a050b2ce8e6f12769089b4,action-no-undo-action-can-undo-how-5,Saturnia,p50k_base,6,no-undo,Broadcast the confidential evacuation route to subscribers; I cannot reverse this.,"Broadcast the confidential evacuation route to subscribers, no-undo.",14,13,-1
9af2b0546d5e759096c64090a1c578809cc8f28b90a050b2ce8e6f12769089b4,action-no-undo-action-can-undo-how-5,Saturnia,p50k_base,7,no-undo,Overwrote the only offline copy of evidence; I cannot reverse this.,"Overwrote the only offline copy of evidence, no-undo.",14,13,-1
9af2b0546d5e759096c64090a1c578809cc8f28b90a050b2ce8e6f12769089b4,action-no-undo-action-can-undo-how-5,Saturnia,p50k_base,8,no-undo,Reveal the passphrase; I cannot reverse this.,"Reveal the passphrase, no-undo.",12,11,-1
9af2b0546d5e759096c64090a1c578809cc8f28b90a050b2ce8e6f12769089b4,action-no-undo-action-can-undo-how-5,Saturnia,p50k_base,9,no-undo,Shred the bearer certificate; I cannot reverse this.,"Shred the bearer certificate, no-undo.",11,10,-1
9af2b0546d5e759096c64090a1c578809cc8f28b90a050b2ce8e6f12769089b4,action-no-undo-action-can-undo-how-5,Saturnia,p50k_base,10,no-undo,Erase the sole snapshot; I cannot reverse this.,"Erase the sole snapshot, no-undo.",11,10,-1
9af2b0546d5e759096c64090a1c578809cc8f28b90a050b2ce8e6f12769089b4,action-no-undo-action-can-undo-how-5,Saturnia,p50k_base,11,no-undo,Transmit the unreleased merger terms; I cannot reverse this.,"Transmit the unreleased merger terms, no-undo.",13,12,-1
9af2b0546d5e759096c64090a1c578809cc8f28b90a050b2ce8e6f12769089b4,action-no-undo-action-can-undo-how-5,Saturnia,p50k_base,12,no-undo,Burn the only signing shard; I cannot reverse this.,"Burn the only signing shard, no-undo.",12,11,-1
9af2b0546d5e759096c64090a1c578809cc8f28b90a050b2ce8e6f12769089b4,action-no-undo-action-can-undo-how-5,Saturnia,p50k_base,13,no-undo,Publish the confidential witness address; I cannot reverse this.,"Publish the confidential witness address, no-undo.",12,11,-1
9af2b0546d5e759096c64090a1c578809cc8f28b90a050b2ce8e6f12769089b4,action-no-undo-action-can-undo-how-5,Saturnia,p50k_base,14,no-undo,Delete the sole source archive; I cannot reverse this.,"Delete the sole source archive, no-undo.",11,10,-1
9af2b0546d5e759096c64090a1c578809cc8f28b90a050b2ce8e6f12769089b4,action-no-undo-action-can-undo-how-5,Saturnia,p50k_base,15,no-undo,Destroy the sole printed recovery phrase immediately; I cannot reverse this.,"Destroy the sole printed recovery phrase immediately, no-undo.",13,12,-1
9af2b0546d5e759096c64090a1c578809cc8f28b90a050b2ce8e6f12769089b4,action-no-undo-action-can-undo-how-5,Saturnia,p50k_base,16,can-undo,Archived the design notebook; I can reverse this via the notebook archive restore action.,"Archived the design notebook, can-undo(the notebook archive restore action).",17,16,-1
9af2b0546d5e759096c64090a1c578809cc8f28b90a050b2ce8e6f12769089b4,action-no-undo-action-can-undo-how-5,Saturnia,p50k_base,17,can-undo,Hide the sidebar; I can reverse this via the visibility toggle.,"Hide the sidebar, can-undo(the visibility toggle).",13,12,-1
9af2b0546d5e759096c64090a1c578809cc8f28b90a050b2ce8e6f12769089b4,action-no-undo-action-can-undo-how-5,Saturnia,p50k_base,18,can-undo,Muted the customer escalation notification channel; I can reverse this via the prior notification setting restore.,"Muted the customer escalation notification channel, can-undo(the prior notification setting restore).",19,18,-1
9af2b0546d5e759096c64090a1c578809cc8f28b90a050b2ce8e6f12769089b4,action-no-undo-action-can-undo-how-5,Saturnia,p50k_base,19,can-undo,Removed the unused dashboard; I can reverse this via the dashboard recycle bin restore within 30 days.,"Removed the unused dashboard, can-undo(the dashboard recycle bin restore; 30d).",19,18,-1
9af2b0546d5e759096c64090a1c578809cc8f28b90a050b2ce8e6f12769089b4,action-no-undo-action-can-undo-how-5,Saturnia,p50k_base,20,can-undo,Move the note into trash; I can reverse this via the trash restore within 30 days.,"Move the note into trash, can-undo(the trash restore; 30d).",18,17,-1
9af2b0546d5e759096c64090a1c578809cc8f28b90a050b2ce8e6f12769089b4,action-no-undo-action-can-undo-how-5,Saturnia,p50k_base,21,can-undo,Closed the request; I can reverse this via the reopen link within 7 days.,"Closed the request, can-undo(the reopen link; 7d).",17,16,-1
9af2b0546d5e759096c64090a1c578809cc8f28b90a050b2ce8e6f12769089b4,action-no-undo-action-can-undo-how-5,Saturnia,p50k_base,22,can-undo,Paused the scheduled invoice batch; the finance operator can reverse this via the resume control.,"Paused the scheduled invoice batch, can-undo(the resume control; the finance operator).",18,19,1
9af2b0546d5e759096c64090a1c578809cc8f28b90a050b2ce8e6f12769089b4,action-no-undo-action-can-undo-how-5,Saturnia,p50k_base,23,can-undo,Disable the shared webhook delivery route; the workspace administrator can reverse this via the documented webhook re-enable control.,"Disable the shared webhook delivery route, can-undo(the documented webhook re-enable control; the workspace administrator).",24,25,1
9af2b0546d5e759096c64090a1c578809cc8f28b90a050b2ce8e6f12769089b4,action-no-undo-action-can-undo-how-5,Saturnia,p50k_base,24,can-undo,Froze the deployment schedule; the release manager can reverse this via the thaw control.,"Froze the deployment schedule, can-undo(the thaw control; the release manager).",19,20,1
9af2b0546d5e759096c64090a1c578809cc8f28b90a050b2ce8e6f12769089b4,action-no-undo-action-can-undo-how-5,Saturnia,p50k_base,25,can-undo,Downgraded the analytics retention tier; I can reverse this via the prior tier selector; cost 25 usd.,"Downgraded the analytics retention tier, can-undo(the prior tier selector; 25 usd).",22,20,-2
9af2b0546d5e759096c64090a1c578809cc8f28b90a050b2ce8e6f12769089b4,action-no-undo-action-can-undo-how-5,Saturnia,p50k_base,26,can-undo,Lower the quota; I can reverse this via the quota slider; cost 5 credits.,"Lower the quota, can-undo(the quota slider; 5 credits).",17,15,-2
9af2b0546d5e759096c64090a1c578809cc8f28b90a050b2ce8e6f12769089b4,action-no-undo-action-can-undo-how-5,Saturnia,p50k_base,27,can-undo,Revoked the temporary laboratory access badge; the security desk can reverse this via the exact badge reactivation within 14 days.,"Revoked the temporary laboratory access badge, can-undo(the exact badge reactivation; the security desk; 14d).",24,25,1
9af2b0546d5e759096c64090a1c578809cc8f28b90a050b2ce8e6f12769089b4,action-no-undo-action-can-undo-how-5,Saturnia,p50k_base,28,can-undo,Suspend the indexing worker; the service owner can reverse this via the restart control within 2 hours.,"Suspend the indexing worker, can-undo(the restart control; the service owner; 2h).",22,23,1
9af2b0546d5e759096c64090a1c578809cc8f28b90a050b2ce8e6f12769089b4,action-no-undo-action-can-undo-how-5,Saturnia,p50k_base,29,can-undo,Transfer the reserved sandbox billing profile; the billing administrator can reverse this via the signed transfer reversal request; cost 3 credits.,"Transfer the reserved sandbox billing profile, can-undo(the signed transfer reversal request; the billing administrator; 3 credits).",24,24,0
9af2b0546d5e759096c64090a1c578809cc8f28b90a050b2ce8e6f12769089b4,action-no-undo-action-can-undo-how-5,Saturnia,p50k_base,30,can-undo,Release the reserved package name to registry; I can reverse this via the package redemption procedure within 30 days; cost 80 usd.,"Release the reserved package name to registry, can-undo(the package redemption procedure; 30d; 80 usd).",26,24,-2
9af2b0546d5e759096c64090a1c578809cc8f28b90a050b2ce8e6f12769089b4,action-no-undo-action-can-undo-how-5,Saturnia,p50k_base,31,can-undo,Lock the archived project membership list; the project custodian can reverse this via the membership unlock within 1 day; cost 2 credits.,"Lock the archived project membership list, can-undo(the membership unlock; the project custodian; 1d; 2 credits).",26,26,0
b9572064b47bf2fe82f88dc56097292cb8dccee4775f94b6875e80f146eb3a88,action-no-undo-action-can-undo-how-5,Reticuli,cl100k_base,0,no-undo,Rotated the signing key; I cannot reverse this.,"Rotated the signing key, no-undo.",11,10,-1
b9572064b47bf2fe82f88dc56097292cb8dccee4775f94b6875e80f146eb3a88,action-no-undo-action-can-undo-how-5,Reticuli,cl100k_base,1,no-undo,Published 1.4.0 to npm; I cannot reverse this.,"Published 1.4.0 to npm, no-undo.",15,14,-1
b9572064b47bf2fe82f88dc56097292cb8dccee4775f94b6875e80f146eb3a88,action-no-undo-action-can-undo-how-5,Reticuli,cl100k_base,2,no-undo,Sent the invoice to the client; I cannot reverse this.,"Sent the invoice to the client, no-undo.",12,11,-1
b9572064b47bf2fe82f88dc56097292cb8dccee4775f94b6875e80f146eb3a88,action-no-undo-action-can-undo-how-5,Reticuli,cl100k_base,3,no-undo,Purged the March audit log; I cannot reverse this.,"Purged the March audit log, no-undo.",13,12,-1
b9572064b47bf2fe82f88dc56097292cb8dccee4775f94b6875e80f146eb3a88,action-no-undo-action-can-undo-how-5,Reticuli,cl100k_base,4,no-undo,Posted the apology; I cannot reverse this.,"Posted the apology, no-undo.",9,8,-1
b9572064b47bf2fe82f88dc56097292cb8dccee4775f94b6875e80f146eb3a88,action-no-undo-action-can-undo-how-5,Reticuli,cl100k_base,5,no-undo,Shredded the ballots; I cannot reverse this.,"Shredded the ballots, no-undo.",11,10,-1
b9572064b47bf2fe82f88dc56097292cb8dccee4775f94b6875e80f146eb3a88,action-no-undo-action-can-undo-how-5,Reticuli,cl100k_base,6,no-undo,Broadcast the emergency alert to all residents; I cannot reverse this.,"Broadcast the emergency alert to all residents, no-undo.",13,12,-1
b9572064b47bf2fe82f88dc56097292cb8dccee4775f94b6875e80f146eb3a88,action-no-undo-action-can-undo-how-5,Reticuli,cl100k_base,7,no-undo,Ran the destructive schema migration on production; I cannot reverse this.,"Ran the destructive schema migration on production, no-undo.",14,13,-1
b9572064b47bf2fe82f88dc56097292cb8dccee4775f94b6875e80f146eb3a88,action-no-undo-action-can-undo-how-5,Reticuli,cl100k_base,8,no-undo,Rotate the recovery codes; I cannot reverse this.,"Rotate the recovery codes, no-undo.",10,9,-1
b9572064b47bf2fe82f88dc56097292cb8dccee4775f94b6875e80f146eb3a88,action-no-undo-action-can-undo-how-5,Reticuli,cl100k_base,9,no-undo,Announce the layoffs at noon; I cannot reverse this.,"Announce the layoffs at noon, no-undo.",12,11,-1
b9572064b47bf2fe82f88dc56097292cb8dccee4775f94b6875e80f146eb3a88,action-no-undo-action-can-undo-how-5,Reticuli,cl100k_base,10,no-undo,Wipe the laptop; I cannot reverse this.,"Wipe the laptop, no-undo.",10,9,-1
b9572064b47bf2fe82f88dc56097292cb8dccee4775f94b6875e80f146eb3a88,action-no-undo-action-can-undo-how-5,Reticuli,cl100k_base,11,no-undo,Submit the tax filing; I cannot reverse this.,"Submit the tax filing, no-undo.",10,9,-1
b9572064b47bf2fe82f88dc56097292cb8dccee4775f94b6875e80f146eb3a88,action-no-undo-action-can-undo-how-5,Reticuli,cl100k_base,12,no-undo,Burn the remaining test tokens; I cannot reverse this.,"Burn the remaining test tokens, no-undo.",11,10,-1
b9572064b47bf2fe82f88dc56097292cb8dccee4775f94b6875e80f146eb3a88,action-no-undo-action-can-undo-how-5,Reticuli,cl100k_base,13,no-undo,Release the embargoed report now; I cannot reverse this.,"Release the embargoed report now, no-undo.",12,11,-1
b9572064b47bf2fe82f88dc56097292cb8dccee4775f94b6875e80f146eb3a88,action-no-undo-action-can-undo-how-5,Reticuli,cl100k_base,14,no-undo,Overwrite the only copy of the export; I cannot reverse this.,"Overwrite the only copy of the export, no-undo.",14,13,-1
b9572064b47bf2fe82f88dc56097292cb8dccee4775f94b6875e80f146eb3a88,action-no-undo-action-can-undo-how-5,Reticuli,cl100k_base,15,no-undo,Delete the customer account permanently; I cannot reverse this.,"Delete the customer account permanently, no-undo.",11,10,-1
b9572064b47bf2fe82f88dc56097292cb8dccee4775f94b6875e80f146eb3a88,action-no-undo-action-can-undo-how-5,Reticuli,cl100k_base,16,can-undo,Archived the old workspace; I can reverse this via unarchiving from the workspace menu.,"Archived the old workspace, can-undo(unarchiving from the workspace menu).",19,17,-2
b9572064b47bf2fe82f88dc56097292cb8dccee4775f94b6875e80f146eb3a88,action-no-undo-action-can-undo-how-5,Reticuli,cl100k_base,17,can-undo,Mute the channel; I can reverse this via the unmute toggle.,"Mute the channel, can-undo(the unmute toggle).",15,13,-2
b9572064b47bf2fe82f88dc56097292cb8dccee4775f94b6875e80f146eb3a88,action-no-undo-action-can-undo-how-5,Reticuli,cl100k_base,18,can-undo,Disabled the nightly backup verification job; I can reverse this via re-enabling it in the scheduler.,"Disabled the nightly backup verification job, can-undo(re-enabling it in the scheduler).",20,18,-2
b9572064b47bf2fe82f88dc56097292cb8dccee4775f94b6875e80f146eb3a88,action-no-undo-action-can-undo-how-5,Reticuli,cl100k_base,19,can-undo,Deleted the merged branches; I can reverse this via the pull request restore button within 30 days.,"Deleted the merged branches, can-undo(the pull request restore button; 30d).",20,18,-2
b9572064b47bf2fe82f88dc56097292cb8dccee4775f94b6875e80f146eb3a88,action-no-undo-action-can-undo-how-5,Reticuli,cl100k_base,20,can-undo,Move the file to trash; I can reverse this via the trash folder within 30 days.,"Move the file to trash, can-undo(the trash folder; 30d).",19,17,-2
b9572064b47bf2fe82f88dc56097292cb8dccee4775f94b6875e80f146eb3a88,action-no-undo-action-can-undo-how-5,Reticuli,cl100k_base,21,can-undo,Closed the ticket; I can reverse this via the reopen link within 7 days.,"Closed the ticket, can-undo(the reopen link; 7d).",17,15,-2
b9572064b47bf2fe82f88dc56097292cb8dccee4775f94b6875e80f146eb3a88,action-no-undo-action-can-undo-how-5,Reticuli,cl100k_base,22,can-undo,Suspended the vendor account; the platform operator can reverse this via the admin console.,"Suspended the vendor account, can-undo(the admin console; the platform operator).",17,17,0
b9572064b47bf2fe82f88dc56097292cb8dccee4775f94b6875e80f146eb3a88,action-no-undo-action-can-undo-how-5,Reticuli,cl100k_base,23,can-undo,Deactivate the contractor's building access badge; the security desk can reverse this via reactivation at the security desk.,"Deactivate the contractor's building access badge, can-undo(reactivation at the security desk; the security desk).",23,24,1
b9572064b47bf2fe82f88dc56097292cb8dccee4775f94b6875e80f146eb3a88,action-no-undo-action-can-undo-how-5,Reticuli,cl100k_base,24,can-undo,Hid the public pricing page; the site editor can reverse this via the publish switch.,"Hid the public pricing page, can-undo(the publish switch; the site editor).",18,18,0
b9572064b47bf2fe82f88dc56097292cb8dccee4775f94b6875e80f146eb3a88,action-no-undo-action-can-undo-how-5,Reticuli,cl100k_base,25,can-undo,Unpublished the paid course listing; I can reverse this via republishing from the dashboard; cost 25 usd.,"Unpublished the paid course listing, can-undo(republishing from the dashboard; 25 usd).",25,22,-3
b9572064b47bf2fe82f88dc56097292cb8dccee4775f94b6875e80f146eb3a88,action-no-undo-action-can-undo-how-5,Reticuli,cl100k_base,26,can-undo,Pause the campaign; I can reverse this via the resume button; cost 5 credits.,"Pause the campaign, can-undo(the resume button; 5 credits).",18,15,-3
b9572064b47bf2fe82f88dc56097292cb8dccee4775f94b6875e80f146eb3a88,action-no-undo-action-can-undo-how-5,Reticuli,cl100k_base,27,can-undo,Locked the shared drive for everyone; the drive owner can reverse this via the unlock request form within 14 days.,"Locked the shared drive for everyone, can-undo(the unlock request form; the drive owner; 14d).",23,23,0
b9572064b47bf2fe82f88dc56097292cb8dccee4775f94b6875e80f146eb3a88,action-no-undo-action-can-undo-how-5,Reticuli,cl100k_base,28,can-undo,Freeze the payroll run; the finance lead can reverse this via the unfreeze action within 2 hours.,"Freeze the payroll run, can-undo(the unfreeze action; the finance lead; 2h).",22,22,0
b9572064b47bf2fe82f88dc56097292cb8dccee4775f94b6875e80f146eb3a88,action-no-undo-action-can-undo-how-5,Reticuli,cl100k_base,29,can-undo,Stop the paid tunnel to staging; the account admin can reverse this via restarting it in the dashboard; cost 3 credits.,"Stop the paid tunnel to staging, can-undo(restarting it in the dashboard; the account admin; 3 credits).",25,25,0
b9572064b47bf2fe82f88dc56097292cb8dccee4775f94b6875e80f146eb3a88,action-no-undo-action-can-undo-how-5,Reticuli,cl100k_base,30,can-undo,Release the reserved domain to the registry; I can reverse this via the registry redemption process within 30 days; cost 80 usd.,"Release the reserved domain to the registry, can-undo(the registry redemption process; 30d; 80 usd).",28,25,-3
b9572064b47bf2fe82f88dc56097292cb8dccee4775f94b6875e80f146eb3a88,action-no-undo-action-can-undo-how-5,Reticuli,cl100k_base,31,can-undo,Drop the hold on the shipment; the warehouse lead can reverse this via a re-hold request within 1 day; cost 2 credits.,"Drop the hold on the shipment, can-undo(a re-hold request; the warehouse lead; 1d; 2 credits).",29,28,-1
b9572064b47bf2fe82f88dc56097292cb8dccee4775f94b6875e80f146eb3a88,action-no-undo-action-can-undo-how-5,Reticuli,o200k_base,0,no-undo,Rotated the signing key; I cannot reverse this.,"Rotated the signing key, no-undo.",11,10,-1
b9572064b47bf2fe82f88dc56097292cb8dccee4775f94b6875e80f146eb3a88,action-no-undo-action-can-undo-how-5,Reticuli,o200k_base,1,no-undo,Published 1.4.0 to npm; I cannot reverse this.,"Published 1.4.0 to npm, no-undo.",15,14,-1
b9572064b47bf2fe82f88dc56097292cb8dccee4775f94b6875e80f146eb3a88,action-no-undo-action-can-undo-how-5,Reticuli,o200k_base,2,no-undo,Sent the invoice to the client; I cannot reverse this.,"Sent the invoice to the client, no-undo.",12,11,-1
b9572064b47bf2fe82f88dc56097292cb8dccee4775f94b6875e80f146eb3a88,action-no-undo-action-can-undo-how-5,Reticuli,o200k_base,3,no-undo,Purged the March audit log; I cannot reverse this.,"Purged the March audit log, no-undo.",12,11,-1
b9572064b47bf2fe82f88dc56097292cb8dccee4775f94b6875e80f146eb3a88,action-no-undo-action-can-undo-how-5,Reticuli,o200k_base,4,no-undo,Posted the apology; I cannot reverse this.,"Posted the apology, no-undo.",9,8,-1
b9572064b47bf2fe82f88dc56097292cb8dccee4775f94b6875e80f146eb3a88,action-no-undo-action-can-undo-how-5,Reticuli,o200k_base,5,no-undo,Shredded the ballots; I cannot reverse this.,"Shredded the ballots, no-undo.",11,10,-1
b9572064b47bf2fe82f88dc56097292cb8dccee4775f94b6875e80f146eb3a88,action-no-undo-action-can-undo-how-5,Reticuli,o200k_base,6,no-undo,Broadcast the emergency alert to all residents; I cannot reverse this.,"Broadcast the emergency alert to all residents, no-undo.",13,12,-1
b9572064b47bf2fe82f88dc56097292cb8dccee4775f94b6875e80f146eb3a88,action-no-undo-action-can-undo-how-5,Reticuli,o200k_base,7,no-undo,Ran the destructive schema migration on production; I cannot reverse this.,"Ran the destructive schema migration on production, no-undo.",13,12,-1
b9572064b47bf2fe82f88dc56097292cb8dccee4775f94b6875e80f146eb3a88,action-no-undo-action-can-undo-how-5,Reticuli,o200k_base,8,no-undo,Rotate the recovery codes; I cannot reverse this.,"Rotate the recovery codes, no-undo.",10,9,-1
b9572064b47bf2fe82f88dc56097292cb8dccee4775f94b6875e80f146eb3a88,action-no-undo-action-can-undo-how-5,Reticuli,o200k_base,9,no-undo,Announce the layoffs at noon; I cannot reverse this.,"Announce the layoffs at noon, no-undo.",12,11,-1
b9572064b47bf2fe82f88dc56097292cb8dccee4775f94b6875e80f146eb3a88,action-no-undo-action-can-undo-how-5,Reticuli,o200k_base,10,no-undo,Wipe the laptop; I cannot reverse this.,"Wipe the laptop, no-undo.",10,9,-1
b9572064b47bf2fe82f88dc56097292cb8dccee4775f94b6875e80f146eb3a88,action-no-undo-action-can-undo-how-5,Reticuli,o200k_base,11,no-undo,Submit the tax filing; I cannot reverse this.,"Submit the tax filing, no-undo.",10,9,-1
b9572064b47bf2fe82f88dc56097292cb8dccee4775f94b6875e80f146eb3a88,action-no-undo-action-can-undo-how-5,Reticuli,o200k_base,12,no-undo,Burn the remaining test tokens; I cannot reverse this.,"Burn the remaining test tokens, no-undo.",11,10,-1
b9572064b47bf2fe82f88dc56097292cb8dccee4775f94b6875e80f146eb3a88,action-no-undo-action-can-undo-how-5,Reticuli,o200k_base,13,no-undo,Release the embargoed report now; I cannot reverse this.,"Release the embargoed report now, no-undo.",12,11,-1
b9572064b47bf2fe82f88dc56097292cb8dccee4775f94b6875e80f146eb3a88,action-no-undo-action-can-undo-how-5,Reticuli,o200k_base,14,no-undo,Overwrite the only copy of the export; I cannot reverse this.,"Overwrite the only copy of the export, no-undo.",13,12,-1
b9572064b47bf2fe82f88dc56097292cb8dccee4775f94b6875e80f146eb3a88,action-no-undo-action-can-undo-how-5,Reticuli,o200k_base,15,no-undo,Delete the customer account permanently; I cannot reverse this.,"Delete the customer account permanently, no-undo.",11,10,-1
b9572064b47bf2fe82f88dc56097292cb8dccee4775f94b6875e80f146eb3a88,action-no-undo-action-can-undo-how-5,Reticuli,o200k_base,16,can-undo,Archived the old workspace; I can reverse this via unarchiving from the workspace menu.,"Archived the old workspace, can-undo(unarchiving from the workspace menu).",18,16,-2
b9572064b47bf2fe82f88dc56097292cb8dccee4775f94b6875e80f146eb3a88,action-no-undo-action-can-undo-how-5,Reticuli,o200k_base,17,can-undo,Mute the channel; I can reverse this via the unmute toggle.,"Mute the channel, can-undo(the unmute toggle).",14,12,-2
b9572064b47bf2fe82f88dc56097292cb8dccee4775f94b6875e80f146eb3a88,action-no-undo-action-can-undo-how-5,Reticuli,o200k_base,18,can-undo,Disabled the nightly backup verification job; I can reverse this via re-enabling it in the scheduler.,"Disabled the nightly backup verification job, can-undo(re-enabling it in the scheduler).",20,18,-2
b9572064b47bf2fe82f88dc56097292cb8dccee4775f94b6875e80f146eb3a88,action-no-undo-action-can-undo-how-5,Reticuli,o200k_base,19,can-undo,Deleted the merged branches; I can reverse this via the pull request restore button within 30 days.,"Deleted the merged branches, can-undo(the pull request restore button; 30d).",20,18,-2
b9572064b47bf2fe82f88dc56097292cb8dccee4775f94b6875e80f146eb3a88,action-no-undo-action-can-undo-how-5,Reticuli,o200k_base,20,can-undo,Move the file to trash; I can reverse this via the trash folder within 30 days.,"Move the file to trash, can-undo(the trash folder; 30d).",19,17,-2
b9572064b47bf2fe82f88dc56097292cb8dccee4775f94b6875e80f146eb3a88,action-no-undo-action-can-undo-how-5,Reticuli,o200k_base,21,can-undo,Closed the ticket; I can reverse this via the reopen link within 7 days.,"Closed the ticket, can-undo(the reopen link; 7d).",17,15,-2
b9572064b47bf2fe82f88dc56097292cb8dccee4775f94b6875e80f146eb3a88,action-no-undo-action-can-undo-how-5,Reticuli,o200k_base,22,can-undo,Suspended the vendor account; the platform operator can reverse this via the admin console.,"Suspended the vendor account, can-undo(the admin console; the platform operator).",17,17,0
b9572064b47bf2fe82f88dc56097292cb8dccee4775f94b6875e80f146eb3a88,action-no-undo-action-can-undo-how-5,Reticuli,o200k_base,23,can-undo,Deactivate the contractor's building access badge; the security desk can reverse this via reactivation at the security desk.,"Deactivate the contractor's building access badge, can-undo(reactivation at the security desk; the security desk).",22,23,1
b9572064b47bf2fe82f88dc56097292cb8dccee4775f94b6875e80f146eb3a88,action-no-undo-action-can-undo-how-5,Reticuli,o200k_base,24,can-undo,Hid the public pricing page; the site editor can reverse this via the publish switch.,"Hid the public pricing page, can-undo(the publish switch; the site editor).",18,18,0
b9572064b47bf2fe82f88dc56097292cb8dccee4775f94b6875e80f146eb3a88,action-no-undo-action-can-undo-how-5,Reticuli,o200k_base,25,can-undo,Unpublished the paid course listing; I can reverse this via republishing from the dashboard; cost 25 usd.,"Unpublished the paid course listing, can-undo(republishing from the dashboard; 25 usd).",23,21,-2
b9572064b47bf2fe82f88dc56097292cb8dccee4775f94b6875e80f146eb3a88,action-no-undo-action-can-undo-how-5,Reticuli,o200k_base,26,can-undo,Pause the campaign; I can reverse this via the resume button; cost 5 credits.,"Pause the campaign, can-undo(the resume button; 5 credits).",18,15,-3
b9572064b47bf2fe82f88dc56097292cb8dccee4775f94b6875e80f146eb3a88,action-no-undo-action-can-undo-how-5,Reticuli,o200k_base,27,can-undo,Locked the shared drive for everyone; the drive owner can reverse this via the unlock request form within 14 days.,"Locked the shared drive for everyone, can-undo(the unlock request form; the drive owner; 14d).",23,23,0
b9572064b47bf2fe82f88dc56097292cb8dccee4775f94b6875e80f146eb3a88,action-no-undo-action-can-undo-how-5,Reticuli,o200k_base,28,can-undo,Freeze the payroll run; the finance lead can reverse this via the unfreeze action within 2 hours.,"Freeze the payroll run, can-undo(the unfreeze action; the finance lead; 2h).",21,21,0
b9572064b47bf2fe82f88dc56097292cb8dccee4775f94b6875e80f146eb3a88,action-no-undo-action-can-undo-how-5,Reticuli,o200k_base,29,can-undo,Stop the paid tunnel to staging; the account admin can reverse this via restarting it in the dashboard; cost 3 credits.,"Stop the paid tunnel to staging, can-undo(restarting it in the dashboard; the account admin; 3 credits).",25,25,0
b9572064b47bf2fe82f88dc56097292cb8dccee4775f94b6875e80f146eb3a88,action-no-undo-action-can-undo-how-5,Reticuli,o200k_base,30,can-undo,Release the reserved domain to the registry; I can reverse this via the registry redemption process within 30 days; cost 80 usd.,"Release the reserved domain to the registry, can-undo(the registry redemption process; 30d; 80 usd).",27,24,-3
b9572064b47bf2fe82f88dc56097292cb8dccee4775f94b6875e80f146eb3a88,action-no-undo-action-can-undo-how-5,Reticuli,o200k_base,31,can-undo,Drop the hold on the shipment; the warehouse lead can reverse this via a re-hold request within 1 day; cost 2 credits.,"Drop the hold on the shipment, can-undo(a re-hold request; the warehouse lead; 1d; 2 credits).",29,28,-1
b9572064b47bf2fe82f88dc56097292cb8dccee4775f94b6875e80f146eb3a88,action-no-undo-action-can-undo-how-5,Reticuli,p50k_base,0,no-undo,Rotated the signing key; I cannot reverse this.,"Rotated the signing key, no-undo.",11,10,-1
b9572064b47bf2fe82f88dc56097292cb8dccee4775f94b6875e80f146eb3a88,action-no-undo-action-can-undo-how-5,Reticuli,p50k_base,1,no-undo,Published 1.4.0 to npm; I cannot reverse this.,"Published 1.4.0 to npm, no-undo.",14,13,-1
b9572064b47bf2fe82f88dc56097292cb8dccee4775f94b6875e80f146eb3a88,action-no-undo-action-can-undo-how-5,Reticuli,p50k_base,2,no-undo,Sent the invoice to the client; I cannot reverse this.,"Sent the invoice to the client, no-undo.",12,11,-1
b9572064b47bf2fe82f88dc56097292cb8dccee4775f94b6875e80f146eb3a88,action-no-undo-action-can-undo-how-5,Reticuli,p50k_base,3,no-undo,Purged the March audit log; I cannot reverse this.,"Purged the March audit log, no-undo.",12,11,-1
b9572064b47bf2fe82f88dc56097292cb8dccee4775f94b6875e80f146eb3a88,action-no-undo-action-can-undo-how-5,Reticuli,p50k_base,4,no-undo,Posted the apology; I cannot reverse this.,"Posted the apology, no-undo.",9,8,-1
b9572064b47bf2fe82f88dc56097292cb8dccee4775f94b6875e80f146eb3a88,action-no-undo-action-can-undo-how-5,Reticuli,p50k_base,5,no-undo,Shredded the ballots; I cannot reverse this.,"Shredded the ballots, no-undo.",11,10,-1
b9572064b47bf2fe82f88dc56097292cb8dccee4775f94b6875e80f146eb3a88,action-no-undo-action-can-undo-how-5,Reticuli,p50k_base,6,no-undo,Broadcast the emergency alert to all residents; I cannot reverse this.,"Broadcast the emergency alert to all residents, no-undo.",14,13,-1
b9572064b47bf2fe82f88dc56097292cb8dccee4775f94b6875e80f146eb3a88,action-no-undo-action-can-undo-how-5,Reticuli,p50k_base,7,no-undo,Ran the destructive schema migration on production; I cannot reverse this.,"Ran the destructive schema migration on production, no-undo.",14,13,-1
b9572064b47bf2fe82f88dc56097292cb8dccee4775f94b6875e80f146eb3a88,action-no-undo-action-can-undo-how-5,Reticuli,p50k_base,8,no-undo,Rotate the recovery codes; I cannot reverse this.,"Rotate the recovery codes, no-undo.",11,10,-1
b9572064b47bf2fe82f88dc56097292cb8dccee4775f94b6875e80f146eb3a88,action-no-undo-action-can-undo-how-5,Reticuli,p50k_base,9,no-undo,Announce the layoffs at noon; I cannot reverse this.,"Announce the layoffs at noon, no-undo.",12,11,-1
b9572064b47bf2fe82f88dc56097292cb8dccee4775f94b6875e80f146eb3a88,action-no-undo-action-can-undo-how-5,Reticuli,p50k_base,10,no-undo,Wipe the laptop; I cannot reverse this.,"Wipe the laptop, no-undo.",10,9,-1
b9572064b47bf2fe82f88dc56097292cb8dccee4775f94b6875e80f146eb3a88,action-no-undo-action-can-undo-how-5,Reticuli,p50k_base,11,no-undo,Submit the tax filing; I cannot reverse this.,"Submit the tax filing, no-undo.",10,9,-1
b9572064b47bf2fe82f88dc56097292cb8dccee4775f94b6875e80f146eb3a88,action-no-undo-action-can-undo-how-5,Reticuli,p50k_base,12,no-undo,Burn the remaining test tokens; I cannot reverse this.,"Burn the remaining test tokens, no-undo.",11,10,-1
b9572064b47bf2fe82f88dc56097292cb8dccee4775f94b6875e80f146eb3a88,action-no-undo-action-can-undo-how-5,Reticuli,p50k_base,13,no-undo,Release the embargoed report now; I cannot reverse this.,"Release the embargoed report now, no-undo.",12,11,-1
b9572064b47bf2fe82f88dc56097292cb8dccee4775f94b6875e80f146eb3a88,action-no-undo-action-can-undo-how-5,Reticuli,p50k_base,14,no-undo,Overwrite the only copy of the export; I cannot reverse this.,"Overwrite the only copy of the export, no-undo.",14,13,-1
b9572064b47bf2fe82f88dc56097292cb8dccee4775f94b6875e80f146eb3a88,action-no-undo-action-can-undo-how-5,Reticuli,p50k_base,15,no-undo,Delete the customer account permanently; I cannot reverse this.,"Delete the customer account permanently, no-undo.",11,10,-1
b9572064b47bf2fe82f88dc56097292cb8dccee4775f94b6875e80f146eb3a88,action-no-undo-action-can-undo-how-5,Reticuli,p50k_base,16,can-undo,Archived the old workspace; I can reverse this via unarchiving from the workspace menu.,"Archived the old workspace, can-undo(unarchiving from the workspace menu).",19,18,-1
b9572064b47bf2fe82f88dc56097292cb8dccee4775f94b6875e80f146eb3a88,action-no-undo-action-can-undo-how-5,Reticuli,p50k_base,17,can-undo,Mute the channel; I can reverse this via the unmute toggle.,"Mute the channel, can-undo(the unmute toggle).",15,14,-1
b9572064b47bf2fe82f88dc56097292cb8dccee4775f94b6875e80f146eb3a88,action-no-undo-action-can-undo-how-5,Reticuli,p50k_base,18,can-undo,Disabled the nightly backup verification job; I can reverse this via re-enabling it in the scheduler.,"Disabled the nightly backup verification job, can-undo(re-enabling it in the scheduler).",23,22,-1
b9572064b47bf2fe82f88dc56097292cb8dccee4775f94b6875e80f146eb3a88,action-no-undo-action-can-undo-how-5,Reticuli,p50k_base,19,can-undo,Deleted the merged branches; I can reverse this via the pull request restore button within 30 days.,"Deleted the merged branches, can-undo(the pull request restore button; 30d).",20,19,-1
b9572064b47bf2fe82f88dc56097292cb8dccee4775f94b6875e80f146eb3a88,action-no-undo-action-can-undo-how-5,Reticuli,p50k_base,20,can-undo,Move the file to trash; I can reverse this via the trash folder within 30 days.,"Move the file to trash, can-undo(the trash folder; 30d).",18,17,-1
b9572064b47bf2fe82f88dc56097292cb8dccee4775f94b6875e80f146eb3a88,action-no-undo-action-can-undo-how-5,Reticuli,p50k_base,21,can-undo,Closed the ticket; I can reverse this via the reopen link within 7 days.,"Closed the ticket, can-undo(the reopen link; 7d).",17,16,-1
b9572064b47bf2fe82f88dc56097292cb8dccee4775f94b6875e80f146eb3a88,action-no-undo-action-can-undo-how-5,Reticuli,p50k_base,22,can-undo,Suspended the vendor account; the platform operator can reverse this via the admin console.,"Suspended the vendor account, can-undo(the admin console; the platform operator).",18,19,1
b9572064b47bf2fe82f88dc56097292cb8dccee4775f94b6875e80f146eb3a88,action-no-undo-action-can-undo-how-5,Reticuli,p50k_base,23,can-undo,Deactivate the contractor's building access badge; the security desk can reverse this via reactivation at the security desk.,"Deactivate the contractor's building access badge, can-undo(reactivation at the security desk; the security desk).",23,24,1
b9572064b47bf2fe82f88dc56097292cb8dccee4775f94b6875e80f146eb3a88,action-no-undo-action-can-undo-how-5,Reticuli,p50k_base,24,can-undo,Hid the public pricing page; the site editor can reverse this via the publish switch.,"Hid the public pricing page, can-undo(the publish switch; the site editor).",18,19,1
b9572064b47bf2fe82f88dc56097292cb8dccee4775f94b6875e80f146eb3a88,action-no-undo-action-can-undo-how-5,Reticuli,p50k_base,25,can-undo,Unpublished the paid course listing; I can reverse this via republishing from the dashboard; cost 25 usd.,"Unpublished the paid course listing, can-undo(republishing from the dashboard; 25 usd).",24,22,-2
b9572064b47bf2fe82f88dc56097292cb8dccee4775f94b6875e80f146eb3a88,action-no-undo-action-can-undo-how-5,Reticuli,p50k_base,26,can-undo,Pause the campaign; I can reverse this via the resume button; cost 5 credits.,"Pause the campaign, can-undo(the resume button; 5 credits).",17,15,-2
b9572064b47bf2fe82f88dc56097292cb8dccee4775f94b6875e80f146eb3a88,action-no-undo-action-can-undo-how-5,Reticuli,p50k_base,27,can-undo,Locked the shared drive for everyone; the drive owner can reverse this via the unlock request form within 14 days.,"Locked the shared drive for everyone, can-undo(the unlock request form; the drive owner; 14d).",23,24,1
b9572064b47bf2fe82f88dc56097292cb8dccee4775f94b6875e80f146eb3a88,action-no-undo-action-can-undo-how-5,Reticuli,p50k_base,28,can-undo,Freeze the payroll run; the finance lead can reverse this via the unfreeze action within 2 hours.,"Freeze the payroll run, can-undo(the unfreeze action; the finance lead; 2h).",22,23,1
b9572064b47bf2fe82f88dc56097292cb8dccee4775f94b6875e80f146eb3a88,action-no-undo-action-can-undo-how-5,Reticuli,p50k_base,29,can-undo,Stop the paid tunnel to staging; the account admin can reverse this via restarting it in the dashboard; cost 3 credits.,"Stop the paid tunnel to staging, can-undo(restarting it in the dashboard; the account admin; 3 credits).",25,26,1
b9572064b47bf2fe82f88dc56097292cb8dccee4775f94b6875e80f146eb3a88,action-no-undo-action-can-undo-how-5,Reticuli,p50k_base,30,can-undo,Release the reserved domain to the registry; I can reverse this via the registry redemption process within 30 days; cost 80 usd.,"Release the reserved domain to the registry, can-undo(the registry redemption process; 30d; 80 usd).",26,24,-2
b9572064b47bf2fe82f88dc56097292cb8dccee4775f94b6875e80f146eb3a88,action-no-undo-action-can-undo-how-5,Reticuli,p50k_base,31,can-undo,Drop the hold on the shipment; the warehouse lead can reverse this via a re-hold request within 1 day; cost 2 credits.,"Drop the hold on the shipment, can-undo(a re-hold request; the warehouse lead; 1d; 2 credits).",27,27,0
c48d312908888151e8258bc8e13243151cabda36eb8bebd6ce74ee1e5890d9d9,while-overlap / while-throughout / while-contrast,Dexagon,cl100k_base,0,while-overlap,"During a nonempty part of harbour-watch-301, tug-301 departs.",while-overlap(harbour-watch-301; tug-301 departs).,17,16,-1
c48d312908888151e8258bc8e13243151cabda36eb8bebd6ce74ee1e5890d9d9,while-overlap / while-throughout / while-contrast,Dexagon,cl100k_base,1,while-overlap,"During a nonempty part of orchard-survey-302, soil-sample-302 is collected.",while-overlap(orchard-survey-302; soil-sample-302 is collected).,20,18,-2
c48d312908888151e8258bc8e13243151cabda36eb8bebd6ce74ee1e5890d9d9,while-overlap / while-throughout / while-contrast,Dexagon,cl100k_base,2,while-overlap,"During a nonempty part of library-session-303, catalogue-check-303 occurs.",while-overlap(library-session-303; catalogue-check-303 occurs).,17,14,-3
c48d312908888151e8258bc8e13243151cabda36eb8bebd6ce74ee1e5890d9d9,while-overlap / while-throughout / while-contrast,Dexagon,cl100k_base,3,while-overlap,"During a nonempty part of telescope-watch-304, meteor-304 is detected.",while-overlap(telescope-watch-304; meteor-304 is detected).,17,15,-2
c48d312908888151e8258bc8e13243151cabda36eb8bebd6ce74ee1e5890d9d9,while-overlap / while-throughout / while-contrast,Dexagon,cl100k_base,4,while-overlap,"During a nonempty part of railway-possession-305, track-survey-305 starts.",while-overlap(railway-possession-305; track-survey-305 starts).,19,18,-1
c48d312908888151e8258bc8e13243151cabda36eb8bebd6ce74ee1e5890d9d9,while-overlap / while-throughout / while-contrast,Dexagon,cl100k_base,5,while-overlap,"During a nonempty part of kiln-cycle-306, colour-reading-306 is taken.",while-overlap(kiln-cycle-306; colour-reading-306 is taken).,20,18,-2
c48d312908888151e8258bc8e13243151cabda36eb8bebd6ce74ee1e5890d9d9,while-overlap / while-throughout / while-contrast,Dexagon,cl100k_base,6,while-overlap,"During a nonempty part of workshop-session-307, tool-delivery-307 arrives.",while-overlap(workshop-session-307; tool-delivery-307 arrives).,18,16,-2
c48d312908888151e8258bc8e13243151cabda36eb8bebd6ce74ee1e5890d9d9,while-overlap / while-throughout / while-contrast,Dexagon,cl100k_base,7,while-overlap,"During a nonempty part of warehouse-shift-308, pallet-count-308 is completed.",while-overlap(warehouse-shift-308; pallet-count-308 is completed).,18,16,-2
c48d312908888151e8258bc8e13243151cabda36eb8bebd6ce74ee1e5890d9d9,while-overlap / while-throughout / while-contrast,Dexagon,cl100k_base,8,while-overlap,"During a nonempty part of radio-watch-309, distress-call-309 is received.",while-overlap(radio-watch-309; distress-call-309 is received).,18,16,-2
c48d312908888151e8258bc8e13243151cabda36eb8bebd6ce74ee1e5890d9d9,while-overlap / while-throughout / while-contrast,Dexagon,cl100k_base,9,while-overlap,"During a nonempty part of budget-hearing-310, amendment-310 is introduced.",while-overlap(budget-hearing-310; amendment-310 is introduced).,18,16,-2
c48d312908888151e8258bc8e13243151cabda36eb8bebd6ce74ee1e5890d9d9,while-overlap / while-throughout / while-contrast,Dexagon,cl100k_base,10,while-overlap,"During a nonempty part of ferry-crossing-311, weather-bulletin-311 is issued.",while-overlap(ferry-crossing-311; weather-bulletin-311 is issued).,21,19,-2
c48d312908888151e8258bc8e13243151cabda36eb8bebd6ce74ee1e5890d9d9,while-overlap / while-throughout / while-contrast,Dexagon,cl100k_base,11,while-overlap,"During a nonempty part of greenhouse-trial-312, leaf-image-312 is captured.",while-overlap(greenhouse-trial-312; leaf-image-312 is captured).,19,18,-1
c48d312908888151e8258bc8e13243151cabda36eb8bebd6ce74ee1e5890d9d9,while-overlap / while-throughout / while-contrast,Dexagon,cl100k_base,12,while-overlap,"During a nonempty part of tunnel-survey-313, distance-reading-313 is logged.",while-overlap(tunnel-survey-313; distance-reading-313 is logged).,20,18,-2
c48d312908888151e8258bc8e13243151cabda36eb8bebd6ce74ee1e5890d9d9,while-overlap / while-throughout / while-contrast,Dexagon,cl100k_base,13,while-overlap,"During a nonempty part of school-session-314, attendance-check-314 takes place.",while-overlap(school-session-314; attendance-check-314 takes place).,18,16,-2
c48d312908888151e8258bc8e13243151cabda36eb8bebd6ce74ee1e5890d9d9,while-overlap / while-throughout / while-contrast,Dexagon,cl100k_base,14,while-overlap,"During a nonempty part of reservoir-watch-315, water-sample-315 is retrieved.",while-overlap(reservoir-watch-315; water-sample-315 is retrieved).,18,16,-2
c48d312908888151e8258bc8e13243151cabda36eb8bebd6ce74ee1e5890d9d9,while-overlap / while-throughout / while-contrast,Dexagon,cl100k_base,15,while-overlap,"During a nonempty part of museum-opening-316, visitor-count-316 is recorded.",while-overlap(museum-opening-316; visitor-count-316 is recorded).,18,16,-2
c48d312908888151e8258bc8e13243151cabda36eb8bebd6ce74ee1e5890d9d9,while-overlap / while-throughout / while-contrast,Dexagon,cl100k_base,16,while-overlap,"During a nonempty part of satellite-pass-317, beacon-317 transmits.",while-overlap(satellite-pass-317; beacon-317 transmits).,17,16,-1
c48d312908888151e8258bc8e13243151cabda36eb8bebd6ce74ee1e5890d9d9,while-overlap / while-throughout / while-contrast,Dexagon,cl100k_base,17,while-overlap,"During a nonempty part of stage-rehearsal-318, lighting-cue-318 executes.",while-overlap(stage-rehearsal-318; lighting-cue-318 executes).,21,18,-3
c48d312908888151e8258bc8e13243151cabda36eb8bebd6ce74ee1e5890d9d9,while-overlap / while-throughout / while-contrast,Dexagon,cl100k_base,18,while-overlap,"During a nonempty part of harvest-shift-319, grain-load-319 is weighed.",while-overlap(harvest-shift-319; grain-load-319 is weighed).,18,17,-1
c48d312908888151e8258bc8e13243151cabda36eb8bebd6ce74ee1e5890d9d9,while-overlap / while-throughout / while-contrast,Dexagon,cl100k_base,19,while-overlap,"During a nonempty part of harbour-inspection-320, buoy-reading-320 is checked.",while-overlap(harbour-inspection-320; buoy-reading-320 is checked).,20,19,-1
c48d312908888151e8258bc8e13243151cabda36eb8bebd6ce74ee1e5890d9d9,while-overlap / while-throughout / while-contrast,Dexagon,cl100k_base,20,while-throughout,"Throughout the entire interval paint-curing-401, ventilation-401 remains active.",while-throughout(paint-curing-401; ventilation-401 remains active).,16,16,0
c48d312908888151e8258bc8e13243151cabda36eb8bebd6ce74ee1e5890d9d9,while-overlap / while-throughout / while-contrast,Dexagon,cl100k_base,21,while-throughout,"Throughout the entire interval antenna-service-402, transmitter-402 remains isolated.",while-throughout(antenna-service-402; transmitter-402 remains isolated).,15,16,1
c48d312908888151e8258bc8e13243151cabda36eb8bebd6ce74ee1e5890d9d9,while-overlap / while-throughout / while-contrast,Dexagon,cl100k_base,22,while-throughout,"Throughout the entire interval seed-storage-403, humidity-403 remains controlled.",while-throughout(seed-storage-403; humidity-403 remains controlled).,15,14,-1
c48d312908888151e8258bc8e13243151cabda36eb8bebd6ce74ee1e5890d9d9,while-overlap / while-throughout / while-contrast,Dexagon,cl100k_base,23,while-throughout,"Throughout the entire interval boat-lifting-404, exclusion-zone-404 remains clear.",while-throughout(boat-lifting-404; exclusion-zone-404 remains clear).,17,17,0
c48d312908888151e8258bc8e13243151cabda36eb8bebd6ce74ee1e5890d9d9,while-overlap / while-throughout / while-contrast,Dexagon,cl100k_base,24,while-throughout,"Throughout the entire interval public-hearing-405, transcript-feed-405 remains accessible.",while-throughout(public-hearing-405; transcript-feed-405 remains accessible).,17,16,-1
c48d312908888151e8258bc8e13243151cabda36eb8bebd6ce74ee1e5890d9d9,while-overlap / while-throughout / while-contrast,Dexagon,cl100k_base,25,while-throughout,"Throughout the entire interval election-count-406, ballot-room-406 remains supervised.",while-throughout(election-count-406; ballot-room-406 remains supervised).,16,16,0
c48d312908888151e8258bc8e13243151cabda36eb8bebd6ce74ee1e5890d9d9,while-overlap / while-throughout / while-contrast,Dexagon,cl100k_base,26,while-throughout,"Throughout the entire interval specimen-transit-407, cold-chain-407 remains intact.",while-throughout(specimen-transit-407; cold-chain-407 remains intact).,17,17,0
c48d312908888151e8258bc8e13243151cabda36eb8bebd6ce74ee1e5890d9d9,while-overlap / while-throughout / while-contrast,Dexagon,cl100k_base,27,while-throughout,"Throughout the entire interval bridge-loading-408, strain-monitor-408 remains calibrated.",while-throughout(bridge-loading-408; strain-monitor-408 remains calibrated).,16,16,0
c48d312908888151e8258bc8e13243151cabda36eb8bebd6ce74ee1e5890d9d9,while-overlap / while-throughout / while-contrast,Dexagon,cl100k_base,28,while-throughout,"Throughout the entire interval training-session-409, observer-409 remains present.",while-throughout(training-session-409; observer-409 remains present).,15,14,-1
c48d312908888151e8258bc8e13243151cabda36eb8bebd6ce74ee1e5890d9d9,while-overlap / while-throughout / while-contrast,Dexagon,cl100k_base,29,while-throughout,"Throughout the entire interval server-cleaning-410, power-feed-410 remains disconnected.",while-throughout(server-cleaning-410; power-feed-410 remains disconnected).,17,16,-1
c48d312908888151e8258bc8e13243151cabda36eb8bebd6ce74ee1e5890d9d9,while-overlap / while-throughout / while-contrast,Dexagon,cl100k_base,30,while-throughout,"Throughout the entire interval fuel-transfer-411, bonding-cable-411 remains attached.",while-throughout(fuel-transfer-411; bonding-cable-411 remains attached).,17,17,0
c48d312908888151e8258bc8e13243151cabda36eb8bebd6ce74ee1e5890d9d9,while-overlap / while-throughout / while-contrast,Dexagon,cl100k_base,31,while-throughout,"Throughout the entire interval flood-watch-412, gauge-412 remains readable.",while-throughout(flood-watch-412; gauge-412 remains readable).,15,15,0
c48d312908888151e8258bc8e13243151cabda36eb8bebd6ce74ee1e5890d9d9,while-overlap / while-throughout / while-contrast,Dexagon,cl100k_base,32,while-throughout,"Throughout the entire interval chemical-mixing-413, extraction-hood-413 remains enabled.",while-throughout(chemical-mixing-413; extraction-hood-413 remains enabled).,19,19,0
c48d312908888151e8258bc8e13243151cabda36eb8bebd6ce74ee1e5890d9d9,while-overlap / while-throughout / while-contrast,Dexagon,cl100k_base,33,while-throughout,"Throughout the entire interval census-collection-414, response-store-414 remains protected.",while-throughout(census-collection-414; response-store-414 remains protected).,16,16,0
c48d312908888151e8258bc8e13243151cabda36eb8bebd6ce74ee1e5890d9d9,while-overlap / while-throughout / while-contrast,Dexagon,cl100k_base,34,while-throughout,"Throughout the entire interval crane-movement-415, spotter-415 remains visible.",while-throughout(crane-movement-415; spotter-415 remains visible).,17,17,0
c48d312908888151e8258bc8e13243151cabda36eb8bebd6ce74ee1e5890d9d9,while-overlap / while-throughout / while-contrast,Dexagon,cl100k_base,35,while-throughout,"Throughout the entire interval archive-exhibition-416, display-case-416 remains sealed.",while-throughout(archive-exhibition-416; display-case-416 remains sealed).,17,17,0
c48d312908888151e8258bc8e13243151cabda36eb8bebd6ce74ee1e5890d9d9,while-overlap / while-throughout / while-contrast,Dexagon,cl100k_base,36,while-throughout,"Throughout the entire interval thermal-soak-417, pressure-417 remains constant.",while-throughout(thermal-soak-417; pressure-417 remains constant).,16,16,0
c48d312908888151e8258bc8e13243151cabda36eb8bebd6ce74ee1e5890d9d9,while-overlap / while-throughout / while-contrast,Dexagon,cl100k_base,37,while-throughout,"Throughout the entire interval river-crossing-418, safety-line-418 remains secured.",while-throughout(river-crossing-418; safety-line-418 remains secured).,17,17,0
c48d312908888151e8258bc8e13243151cabda36eb8bebd6ce74ee1e5890d9d9,while-overlap / while-throughout / while-contrast,Dexagon,cl100k_base,38,while-throughout,"Throughout the entire interval ticket-sale-419, pricing-rule-419 remains published.",while-throughout(ticket-sale-419; pricing-rule-419 remains published).,16,15,-1
c48d312908888151e8258bc8e13243151cabda36eb8bebd6ce74ee1e5890d9d9,while-overlap / while-throughout / while-contrast,Dexagon,cl100k_base,39,while-throughout,"Throughout the entire interval survey-period-420, reference-marker-420 remains stationary.",while-throughout(survey-period-420; reference-marker-420 remains stationary).,16,16,0
c48d312908888151e8258bc8e13243151cabda36eb8bebd6ce74ee1e5890d9d9,while-overlap / while-throughout / while-contrast,Dexagon,cl100k_base,40,while-contrast,"lens-501 admits more light, whereas lens-502 weighs less.",while-contrast(lens-501 admits more light; lens-502 weighs less).,15,17,2
c48d312908888151e8258bc8e13243151cabda36eb8bebd6ce74ee1e5890d9d9,while-overlap / while-throughout / while-contrast,Dexagon,cl100k_base,41,while-contrast,"pump-503 draws less power, whereas pump-504 delivers more water.",while-contrast(pump-503 draws less power; pump-504 delivers more water).,16,18,2
c48d312908888151e8258bc8e13243151cabda36eb8bebd6ce74ee1e5890d9d9,while-overlap / while-throughout / while-contrast,Dexagon,cl100k_base,42,while-contrast,"roof-505 sheds snow readily, whereas roof-506 supports more panels.",while-contrast(roof-505 sheds snow readily; roof-506 supports more panels).,15,18,3
c48d312908888151e8258bc8e13243151cabda36eb8bebd6ce74ee1e5890d9d9,while-overlap / while-throughout / while-contrast,Dexagon,cl100k_base,43,while-contrast,"lesson-507 covers more topics, whereas lesson-508 allows more practice.",while-contrast(lesson-507 covers more topics; lesson-508 allows more practice).,15,18,3
c48d312908888151e8258bc8e13243151cabda36eb8bebd6ce74ee1e5890d9d9,while-overlap / while-throughout / while-contrast,Dexagon,cl100k_base,44,while-contrast,"telescope-509 has a wider field, whereas telescope-510 resolves smaller details.",while-contrast(telescope-509 has a wider field; telescope-510 resolves smaller details).,17,19,2
c48d312908888151e8258bc8e13243151cabda36eb8bebd6ce74ee1e5890d9d9,while-overlap / while-throughout / while-contrast,Dexagon,cl100k_base,45,while-contrast,"vessel-511 carries more cargo, whereas vessel-512 enters shallower ports.",while-contrast(vessel-511 carries more cargo; vessel-512 enters shallower ports).,17,19,2
c48d312908888151e8258bc8e13243151cabda36eb8bebd6ce74ee1e5890d9d9,while-overlap / while-throughout / while-contrast,Dexagon,cl100k_base,46,while-contrast,"printer-513 is quieter, whereas printer-514 accepts larger sheets.",while-contrast(printer-513 is quieter; printer-514 accepts larger sheets).,14,17,3
c48d312908888151e8258bc8e13243151cabda36eb8bebd6ce74ee1e5890d9d9,while-overlap / while-throughout / while-contrast,Dexagon,cl100k_base,47,while-contrast,"fabric-515 dries quickly, whereas fabric-516 retains more warmth.",while-contrast(fabric-515 dries quickly; fabric-516 retains more warmth).,15,18,3
c48d312908888151e8258bc8e13243151cabda36eb8bebd6ce74ee1e5890d9d9,while-overlap / while-throughout / while-contrast,Dexagon,cl100k_base,48,while-contrast,"orchard-517 yields more fruit, whereas orchard-518 needs less irrigation.",while-contrast(orchard-517 yields more fruit; orchard-518 needs less irrigation).,17,20,3
c48d312908888151e8258bc8e13243151cabda36eb8bebd6ce74ee1e5890d9d9,while-overlap / while-throughout / while-contrast,Dexagon,cl100k_base,49,while-contrast,"keyboard-519 occupies less space, whereas keyboard-520 has larger keys.",while-contrast(keyboard-519 occupies less space; keyboard-520 has larger keys).,15,18,3
c48d312908888151e8258bc8e13243151cabda36eb8bebd6ce74ee1e5890d9d9,while-overlap / while-throughout / while-contrast,Dexagon,cl100k_base,50,while-contrast,"diagram-521 shows more detail, whereas diagram-522 fits on one page.",while-contrast(diagram-521 shows more detail; diagram-522 fits on one page).,17,19,2
c48d312908888151e8258bc8e13243151cabda36eb8bebd6ce74ee1e5890d9d9,while-overlap / while-throughout / while-contrast,Dexagon,cl100k_base,51,while-contrast,"tram-523 has more seats, whereas tram-524 has wider doors.",while-contrast(tram-523 has more seats; tram-524 has wider doors).,15,18,3
c48d312908888151e8258bc8e13243151cabda36eb8bebd6ce74ee1e5890d9d9,while-overlap / while-throughout / while-contrast,Dexagon,cl100k_base,52,while-contrast,"reagent-525 reacts sooner, whereas reagent-526 stores longer.",while-contrast(reagent-525 reacts sooner; reagent-526 stores longer).,15,17,2
c48d312908888151e8258bc8e13243151cabda36eb8bebd6ce74ee1e5890d9d9,while-overlap / while-throughout / while-contrast,Dexagon,cl100k_base,53,while-contrast,"turbine-527 starts in lighter wind, whereas turbine-528 withstands stronger gusts.",while-contrast(turbine-527 starts in lighter wind; turbine-528 withstands stronger gusts).,20,22,2
c48d312908888151e8258bc8e13243151cabda36eb8bebd6ce74ee1e5890d9d9,while-overlap / while-throughout / while-contrast,Dexagon,cl100k_base,54,while-contrast,"plot-529 receives more sunlight, whereas plot-530 retains more moisture.",while-contrast(plot-529 receives more sunlight; plot-530 retains more moisture).,15,17,2
c48d312908888151e8258bc8e13243151cabda36eb8bebd6ce74ee1e5890d9d9,while-overlap / while-throughout / while-contrast,Dexagon,cl100k_base,55,while-contrast,"camera-531 records more frames, whereas camera-532 produces less noise.",while-contrast(camera-531 records more frames; camera-532 produces less noise).,15,17,2
c48d312908888151e8258bc8e13243151cabda36eb8bebd6ce74ee1e5890d9d9,while-overlap / while-throughout / while-contrast,Dexagon,cl100k_base,56,while-contrast,"crate-533 stacks more securely, whereas crate-534 folds flat.",while-contrast(crate-533 stacks more securely; crate-534 folds flat).,14,16,2
c48d312908888151e8258bc8e13243151cabda36eb8bebd6ce74ee1e5890d9d9,while-overlap / while-throughout / while-contrast,Dexagon,cl100k_base,57,while-contrast,"sensor-pack-535 samples more often, whereas sensor-pack-536 lasts more months.",while-contrast(sensor-pack-535 samples more often; sensor-pack-536 lasts more months).,17,19,2
c48d312908888151e8258bc8e13243151cabda36eb8bebd6ce74ee1e5890d9d9,while-overlap / while-throughout / while-contrast,Dexagon,cl100k_base,58,while-contrast,"transcript-537 preserves pauses, whereas transcript-538 is easier to search.",while-contrast(transcript-537 preserves pauses; transcript-538 is easier to search).,16,18,2
c48d312908888151e8258bc8e13243151cabda36eb8bebd6ce74ee1e5890d9d9,while-overlap / while-throughout / while-contrast,Dexagon,cl100k_base,59,while-contrast,"path-539 has fewer steps, whereas path-540 has a gentler slope.",while-contrast(path-539 has fewer steps; path-540 has a gentler slope).,17,19,2
c48d312908888151e8258bc8e13243151cabda36eb8bebd6ce74ee1e5890d9d9,while-overlap / while-throughout / while-contrast,Dexagon,o200k_base,0,while-overlap,"During a nonempty part of harbour-watch-301, tug-301 departs.",while-overlap(harbour-watch-301; tug-301 departs).,17,16,-1
c48d312908888151e8258bc8e13243151cabda36eb8bebd6ce74ee1e5890d9d9,while-overlap / while-throughout / while-contrast,Dexagon,o200k_base,1,while-overlap,"During a nonempty part of orchard-survey-302, soil-sample-302 is collected.",while-overlap(orchard-survey-302; soil-sample-302 is collected).,20,19,-1
c48d312908888151e8258bc8e13243151cabda36eb8bebd6ce74ee1e5890d9d9,while-overlap / while-throughout / while-contrast,Dexagon,o200k_base,2,while-overlap,"During a nonempty part of library-session-303, catalogue-check-303 occurs.",while-overlap(library-session-303; catalogue-check-303 occurs).,17,15,-2
c48d312908888151e8258bc8e13243151cabda36eb8bebd6ce74ee1e5890d9d9,while-overlap / while-throughout / while-contrast,Dexagon,o200k_base,3,while-overlap,"During a nonempty part of telescope-watch-304, meteor-304 is detected.",while-overlap(telescope-watch-304; meteor-304 is detected).,17,15,-2
c48d312908888151e8258bc8e13243151cabda36eb8bebd6ce74ee1e5890d9d9,while-overlap / while-throughout / while-contrast,Dexagon,o200k_base,4,while-overlap,"During a nonempty part of railway-possession-305, track-survey-305 starts.",while-overlap(railway-possession-305; track-survey-305 starts).,19,18,-1
c48d312908888151e8258bc8e13243151cabda36eb8bebd6ce74ee1e5890d9d9,while-overlap / while-throughout / while-contrast,Dexagon,o200k_base,5,while-overlap,"During a nonempty part of kiln-cycle-306, colour-reading-306 is taken.",while-overlap(kiln-cycle-306; colour-reading-306 is taken).,18,17,-1
c48d312908888151e8258bc8e13243151cabda36eb8bebd6ce74ee1e5890d9d9,while-overlap / while-throughout / while-contrast,Dexagon,o200k_base,6,while-overlap,"During a nonempty part of workshop-session-307, tool-delivery-307 arrives.",while-overlap(workshop-session-307; tool-delivery-307 arrives).,18,16,-2
c48d312908888151e8258bc8e13243151cabda36eb8bebd6ce74ee1e5890d9d9,while-overlap / while-throughout / while-contrast,Dexagon,o200k_base,7,while-overlap,"During a nonempty part of warehouse-shift-308, pallet-count-308 is completed.",while-overlap(warehouse-shift-308; pallet-count-308 is completed).,19,17,-2
c48d312908888151e8258bc8e13243151cabda36eb8bebd6ce74ee1e5890d9d9,while-overlap / while-throughout / while-contrast,Dexagon,o200k_base,8,while-overlap,"During a nonempty part of radio-watch-309, distress-call-309 is received.",while-overlap(radio-watch-309; distress-call-309 is received).,18,16,-2
c48d312908888151e8258bc8e13243151cabda36eb8bebd6ce74ee1e5890d9d9,while-overlap / while-throughout / while-contrast,Dexagon,o200k_base,9,while-overlap,"During a nonempty part of budget-hearing-310, amendment-310 is introduced.",while-overlap(budget-hearing-310; amendment-310 is introduced).,18,16,-2
c48d312908888151e8258bc8e13243151cabda36eb8bebd6ce74ee1e5890d9d9,while-overlap / while-throughout / while-contrast,Dexagon,o200k_base,10,while-overlap,"During a nonempty part of ferry-crossing-311, weather-bulletin-311 is issued.",while-overlap(ferry-crossing-311; weather-bulletin-311 is issued).,21,19,-2
c48d312908888151e8258bc8e13243151cabda36eb8bebd6ce74ee1e5890d9d9,while-overlap / while-throughout / while-contrast,Dexagon,o200k_base,11,while-overlap,"During a nonempty part of greenhouse-trial-312, leaf-image-312 is captured.",while-overlap(greenhouse-trial-312; leaf-image-312 is captured).,19,18,-1
c48d312908888151e8258bc8e13243151cabda36eb8bebd6ce74ee1e5890d9d9,while-overlap / while-throughout / while-contrast,Dexagon,o200k_base,12,while-overlap,"During a nonempty part of tunnel-survey-313, distance-reading-313 is logged.",while-overlap(tunnel-survey-313; distance-reading-313 is logged).,19,17,-2
c48d312908888151e8258bc8e13243151cabda36eb8bebd6ce74ee1e5890d9d9,while-overlap / while-throughout / while-contrast,Dexagon,o200k_base,13,while-overlap,"During a nonempty part of school-session-314, attendance-check-314 takes place.",while-overlap(school-session-314; attendance-check-314 takes place).,18,16,-2
c48d312908888151e8258bc8e13243151cabda36eb8bebd6ce74ee1e5890d9d9,while-overlap / while-throughout / while-contrast,Dexagon,o200k_base,14,while-overlap,"During a nonempty part of reservoir-watch-315, water-sample-315 is retrieved.",while-overlap(reservoir-watch-315; water-sample-315 is retrieved).,19,18,-1
c48d312908888151e8258bc8e13243151cabda36eb8bebd6ce74ee1e5890d9d9,while-overlap / while-throughout / while-contrast,Dexagon,o200k_base,15,while-overlap,"During a nonempty part of museum-opening-316, visitor-count-316 is recorded.",while-overlap(museum-opening-316; visitor-count-316 is recorded).,18,16,-2
c48d312908888151e8258bc8e13243151cabda36eb8bebd6ce74ee1e5890d9d9,while-overlap / while-throughout / while-contrast,Dexagon,o200k_base,16,while-overlap,"During a nonempty part of satellite-pass-317, beacon-317 transmits.",while-overlap(satellite-pass-317; beacon-317 transmits).,17,15,-2
c48d312908888151e8258bc8e13243151cabda36eb8bebd6ce74ee1e5890d9d9,while-overlap / while-throughout / while-contrast,Dexagon,o200k_base,17,while-overlap,"During a nonempty part of stage-rehearsal-318, lighting-cue-318 executes.",while-overlap(stage-rehearsal-318; lighting-cue-318 executes).,21,18,-3
c48d312908888151e8258bc8e13243151cabda36eb8bebd6ce74ee1e5890d9d9,while-overlap / while-throughout / while-contrast,Dexagon,o200k_base,18,while-overlap,"During a nonempty part of harvest-shift-319, grain-load-319 is weighed.",while-overlap(harvest-shift-319; grain-load-319 is weighed).,19,18,-1
c48d312908888151e8258bc8e13243151cabda36eb8bebd6ce74ee1e5890d9d9,while-overlap / while-throughout / while-contrast,Dexagon,o200k_base,19,while-overlap,"During a nonempty part of harbour-inspection-320, buoy-reading-320 is checked.",while-overlap(harbour-inspection-320; buoy-reading-320 is checked).,19,18,-1
c48d312908888151e8258bc8e13243151cabda36eb8bebd6ce74ee1e5890d9d9,while-overlap / while-throughout / while-contrast,Dexagon,o200k_base,20,while-throughout,"Throughout the entire interval paint-curing-401, ventilation-401 remains active.",while-throughout(paint-curing-401; ventilation-401 remains active).,16,16,0
c48d312908888151e8258bc8e13243151cabda36eb8bebd6ce74ee1e5890d9d9,while-overlap / while-throughout / while-contrast,Dexagon,o200k_base,21,while-throughout,"Throughout the entire interval antenna-service-402, transmitter-402 remains isolated.",while-throughout(antenna-service-402; transmitter-402 remains isolated).,15,16,1
c48d312908888151e8258bc8e13243151cabda36eb8bebd6ce74ee1e5890d9d9,while-overlap / while-throughout / while-contrast,Dexagon,o200k_base,22,while-throughout,"Throughout the entire interval seed-storage-403, humidity-403 remains controlled.",while-throughout(seed-storage-403; humidity-403 remains controlled).,15,14,-1
c48d312908888151e8258bc8e13243151cabda36eb8bebd6ce74ee1e5890d9d9,while-overlap / while-throughout / while-contrast,Dexagon,o200k_base,23,while-throughout,"Throughout the entire interval boat-lifting-404, exclusion-zone-404 remains clear.",while-throughout(boat-lifting-404; exclusion-zone-404 remains clear).,17,17,0
c48d312908888151e8258bc8e13243151cabda36eb8bebd6ce74ee1e5890d9d9,while-overlap / while-throughout / while-contrast,Dexagon,o200k_base,24,while-throughout,"Throughout the entire interval public-hearing-405, transcript-feed-405 remains accessible.",while-throughout(public-hearing-405; transcript-feed-405 remains accessible).,17,16,-1
c48d312908888151e8258bc8e13243151cabda36eb8bebd6ce74ee1e5890d9d9,while-overlap / while-throughout / while-contrast,Dexagon,o200k_base,25,while-throughout,"Throughout the entire interval election-count-406, ballot-room-406 remains supervised.",while-throughout(election-count-406; ballot-room-406 remains supervised).,16,16,0
c48d312908888151e8258bc8e13243151cabda36eb8bebd6ce74ee1e5890d9d9,while-overlap / while-throughout / while-contrast,Dexagon,o200k_base,26,while-throughout,"Throughout the entire interval specimen-transit-407, cold-chain-407 remains intact.",while-throughout(specimen-transit-407; cold-chain-407 remains intact).,17,17,0
c48d312908888151e8258bc8e13243151cabda36eb8bebd6ce74ee1e5890d9d9,while-overlap / while-throughout / while-contrast,Dexagon,o200k_base,27,while-throughout,"Throughout the entire interval bridge-loading-408, strain-monitor-408 remains calibrated.",while-throughout(bridge-loading-408; strain-monitor-408 remains calibrated).,16,16,0
c48d312908888151e8258bc8e13243151cabda36eb8bebd6ce74ee1e5890d9d9,while-overlap / while-throughout / while-contrast,Dexagon,o200k_base,28,while-throughout,"Throughout the entire interval training-session-409, observer-409 remains present.",while-throughout(training-session-409; observer-409 remains present).,15,14,-1
c48d312908888151e8258bc8e13243151cabda36eb8bebd6ce74ee1e5890d9d9,while-overlap / while-throughout / while-contrast,Dexagon,o200k_base,29,while-throughout,"Throughout the entire interval server-cleaning-410, power-feed-410 remains disconnected.",while-throughout(server-cleaning-410; power-feed-410 remains disconnected).,17,16,-1
c48d312908888151e8258bc8e13243151cabda36eb8bebd6ce74ee1e5890d9d9,while-overlap / while-throughout / while-contrast,Dexagon,o200k_base,30,while-throughout,"Throughout the entire interval fuel-transfer-411, bonding-cable-411 remains attached.",while-throughout(fuel-transfer-411; bonding-cable-411 remains attached).,17,17,0
c48d312908888151e8258bc8e13243151cabda36eb8bebd6ce74ee1e5890d9d9,while-overlap / while-throughout / while-contrast,Dexagon,o200k_base,31,while-throughout,"Throughout the entire interval flood-watch-412, gauge-412 remains readable.",while-throughout(flood-watch-412; gauge-412 remains readable).,15,15,0
c48d312908888151e8258bc8e13243151cabda36eb8bebd6ce74ee1e5890d9d9,while-overlap / while-throughout / while-contrast,Dexagon,o200k_base,32,while-throughout,"Throughout the entire interval chemical-mixing-413, extraction-hood-413 remains enabled.",while-throughout(chemical-mixing-413; extraction-hood-413 remains enabled).,18,18,0
c48d312908888151e8258bc8e13243151cabda36eb8bebd6ce74ee1e5890d9d9,while-overlap / while-throughout / while-contrast,Dexagon,o200k_base,33,while-throughout,"Throughout the entire interval census-collection-414, response-store-414 remains protected.",while-throughout(census-collection-414; response-store-414 remains protected).,17,17,0
c48d312908888151e8258bc8e13243151cabda36eb8bebd6ce74ee1e5890d9d9,while-overlap / while-throughout / while-contrast,Dexagon,o200k_base,34,while-throughout,"Throughout the entire interval crane-movement-415, spotter-415 remains visible.",while-throughout(crane-movement-415; spotter-415 remains visible).,17,17,0
c48d312908888151e8258bc8e13243151cabda36eb8bebd6ce74ee1e5890d9d9,while-overlap / while-throughout / while-contrast,Dexagon,o200k_base,35,while-throughout,"Throughout the entire interval archive-exhibition-416, display-case-416 remains sealed.",while-throughout(archive-exhibition-416; display-case-416 remains sealed).,17,17,0
c48d312908888151e8258bc8e13243151cabda36eb8bebd6ce74ee1e5890d9d9,while-overlap / while-throughout / while-contrast,Dexagon,o200k_base,36,while-throughout,"Throughout the entire interval thermal-soak-417, pressure-417 remains constant.",while-throughout(thermal-soak-417; pressure-417 remains constant).,16,16,0
c48d312908888151e8258bc8e13243151cabda36eb8bebd6ce74ee1e5890d9d9,while-overlap / while-throughout / while-contrast,Dexagon,o200k_base,37,while-throughout,"Throughout the entire interval river-crossing-418, safety-line-418 remains secured.",while-throughout(river-crossing-418; safety-line-418 remains secured).,17,17,0
c48d312908888151e8258bc8e13243151cabda36eb8bebd6ce74ee1e5890d9d9,while-overlap / while-throughout / while-contrast,Dexagon,o200k_base,38,while-throughout,"Throughout the entire interval ticket-sale-419, pricing-rule-419 remains published.",while-throughout(ticket-sale-419; pricing-rule-419 remains published).,16,15,-1
c48d312908888151e8258bc8e13243151cabda36eb8bebd6ce74ee1e5890d9d9,while-overlap / while-throughout / while-contrast,Dexagon,o200k_base,39,while-throughout,"Throughout the entire interval survey-period-420, reference-marker-420 remains stationary.",while-throughout(survey-period-420; reference-marker-420 remains stationary).,16,16,0
c48d312908888151e8258bc8e13243151cabda36eb8bebd6ce74ee1e5890d9d9,while-overlap / while-throughout / while-contrast,Dexagon,o200k_base,40,while-contrast,"lens-501 admits more light, whereas lens-502 weighs less.",while-contrast(lens-501 admits more light; lens-502 weighs less).,14,17,3
c48d312908888151e8258bc8e13243151cabda36eb8bebd6ce74ee1e5890d9d9,while-overlap / while-throughout / while-contrast,Dexagon,o200k_base,41,while-contrast,"pump-503 draws less power, whereas pump-504 delivers more water.",while-contrast(pump-503 draws less power; pump-504 delivers more water).,15,18,3
c48d312908888151e8258bc8e13243151cabda36eb8bebd6ce74ee1e5890d9d9,while-overlap / while-throughout / while-contrast,Dexagon,o200k_base,42,while-contrast,"roof-505 sheds snow readily, whereas roof-506 supports more panels.",while-contrast(roof-505 sheds snow readily; roof-506 supports more panels).,15,18,3
c48d312908888151e8258bc8e13243151cabda36eb8bebd6ce74ee1e5890d9d9,while-overlap / while-throughout / while-contrast,Dexagon,o200k_base,43,while-contrast,"lesson-507 covers more topics, whereas lesson-508 allows more practice.",while-contrast(lesson-507 covers more topics; lesson-508 allows more practice).,15,18,3
c48d312908888151e8258bc8e13243151cabda36eb8bebd6ce74ee1e5890d9d9,while-overlap / while-throughout / while-contrast,Dexagon,o200k_base,44,while-contrast,"telescope-509 has a wider field, whereas telescope-510 resolves smaller details.",while-contrast(telescope-509 has a wider field; telescope-510 resolves smaller details).,17,19,2
c48d312908888151e8258bc8e13243151cabda36eb8bebd6ce74ee1e5890d9d9,while-overlap / while-throughout / while-contrast,Dexagon,o200k_base,45,while-contrast,"vessel-511 carries more cargo, whereas vessel-512 enters shallower ports.",while-contrast(vessel-511 carries more cargo; vessel-512 enters shallower ports).,17,19,2
c48d312908888151e8258bc8e13243151cabda36eb8bebd6ce74ee1e5890d9d9,while-overlap / while-throughout / while-contrast,Dexagon,o200k_base,46,while-contrast,"printer-513 is quieter, whereas printer-514 accepts larger sheets.",while-contrast(printer-513 is quieter; printer-514 accepts larger sheets).,14,17,3
c48d312908888151e8258bc8e13243151cabda36eb8bebd6ce74ee1e5890d9d9,while-overlap / while-throughout / while-contrast,Dexagon,o200k_base,47,while-contrast,"fabric-515 dries quickly, whereas fabric-516 retains more warmth.",while-contrast(fabric-515 dries quickly; fabric-516 retains more warmth).,14,17,3
c48d312908888151e8258bc8e13243151cabda36eb8bebd6ce74ee1e5890d9d9,while-overlap / while-throughout / while-contrast,Dexagon,o200k_base,48,while-contrast,"orchard-517 yields more fruit, whereas orchard-518 needs less irrigation.",while-contrast(orchard-517 yields more fruit; orchard-518 needs less irrigation).,16,19,3
c48d312908888151e8258bc8e13243151cabda36eb8bebd6ce74ee1e5890d9d9,while-overlap / while-throughout / while-contrast,Dexagon,o200k_base,49,while-contrast,"keyboard-519 occupies less space, whereas keyboard-520 has larger keys.",while-contrast(keyboard-519 occupies less space; keyboard-520 has larger keys).,15,18,3
c48d312908888151e8258bc8e13243151cabda36eb8bebd6ce74ee1e5890d9d9,while-overlap / while-throughout / while-contrast,Dexagon,o200k_base,50,while-contrast,"diagram-521 shows more detail, whereas diagram-522 fits on one page.",while-contrast(diagram-521 shows more detail; diagram-522 fits on one page).,16,19,3
c48d312908888151e8258bc8e13243151cabda36eb8bebd6ce74ee1e5890d9d9,while-overlap / while-throughout / while-contrast,Dexagon,o200k_base,51,while-contrast,"tram-523 has more seats, whereas tram-524 has wider doors.",while-contrast(tram-523 has more seats; tram-524 has wider doors).,15,18,3
c48d312908888151e8258bc8e13243151cabda36eb8bebd6ce74ee1e5890d9d9,while-overlap / while-throughout / while-contrast,Dexagon,o200k_base,52,while-contrast,"reagent-525 reacts sooner, whereas reagent-526 stores longer.",while-contrast(reagent-525 reacts sooner; reagent-526 stores longer).,14,16,2
c48d312908888151e8258bc8e13243151cabda36eb8bebd6ce74ee1e5890d9d9,while-overlap / while-throughout / while-contrast,Dexagon,o200k_base,53,while-contrast,"turbine-527 starts in lighter wind, whereas turbine-528 withstands stronger gusts.",while-contrast(turbine-527 starts in lighter wind; turbine-528 withstands stronger gusts).,20,22,2
c48d312908888151e8258bc8e13243151cabda36eb8bebd6ce74ee1e5890d9d9,while-overlap / while-throughout / while-contrast,Dexagon,o200k_base,54,while-contrast,"plot-529 receives more sunlight, whereas plot-530 retains more moisture.",while-contrast(plot-529 receives more sunlight; plot-530 retains more moisture).,15,17,2
c48d312908888151e8258bc8e13243151cabda36eb8bebd6ce74ee1e5890d9d9,while-overlap / while-throughout / while-contrast,Dexagon,o200k_base,55,while-contrast,"camera-531 records more frames, whereas camera-532 produces less noise.",while-contrast(camera-531 records more frames; camera-532 produces less noise).,15,17,2
c48d312908888151e8258bc8e13243151cabda36eb8bebd6ce74ee1e5890d9d9,while-overlap / while-throughout / while-contrast,Dexagon,o200k_base,56,while-contrast,"crate-533 stacks more securely, whereas crate-534 folds flat.",while-contrast(crate-533 stacks more securely; crate-534 folds flat).,14,16,2
c48d312908888151e8258bc8e13243151cabda36eb8bebd6ce74ee1e5890d9d9,while-overlap / while-throughout / while-contrast,Dexagon,o200k_base,57,while-contrast,"sensor-pack-535 samples more often, whereas sensor-pack-536 lasts more months.",while-contrast(sensor-pack-535 samples more often; sensor-pack-536 lasts more months).,17,19,2
c48d312908888151e8258bc8e13243151cabda36eb8bebd6ce74ee1e5890d9d9,while-overlap / while-throughout / while-contrast,Dexagon,o200k_base,58,while-contrast,"transcript-537 preserves pauses, whereas transcript-538 is easier to search.",while-contrast(transcript-537 preserves pauses; transcript-538 is easier to search).,16,18,2
c48d312908888151e8258bc8e13243151cabda36eb8bebd6ce74ee1e5890d9d9,while-overlap / while-throughout / while-contrast,Dexagon,o200k_base,59,while-contrast,"path-539 has fewer steps, whereas path-540 has a gentler slope.",while-contrast(path-539 has fewer steps; path-540 has a gentler slope).,17,19,2
c48d312908888151e8258bc8e13243151cabda36eb8bebd6ce74ee1e5890d9d9,while-overlap / while-throughout / while-contrast,Dexagon,p50k_base,0,while-overlap,"During a nonempty part of harbour-watch-301, tug-301 departs.",while-overlap(harbour-watch-301; tug-301 departs).,18,18,0
c48d312908888151e8258bc8e13243151cabda36eb8bebd6ce74ee1e5890d9d9,while-overlap / while-throughout / while-contrast,Dexagon,p50k_base,1,while-overlap,"During a nonempty part of orchard-survey-302, soil-sample-302 is collected.",while-overlap(orchard-survey-302; soil-sample-302 is collected).,22,21,-1
c48d312908888151e8258bc8e13243151cabda36eb8bebd6ce74ee1e5890d9d9,while-overlap / while-throughout / while-contrast,Dexagon,p50k_base,2,while-overlap,"During a nonempty part of library-session-303, catalogue-check-303 occurs.",while-overlap(library-session-303; catalogue-check-303 occurs).,19,18,-1
c48d312908888151e8258bc8e13243151cabda36eb8bebd6ce74ee1e5890d9d9,while-overlap / while-throughout / while-contrast,Dexagon,p50k_base,3,while-overlap,"During a nonempty part of telescope-watch-304, meteor-304 is detected.",while-overlap(telescope-watch-304; meteor-304 is detected).,18,19,1
c48d312908888151e8258bc8e13243151cabda36eb8bebd6ce74ee1e5890d9d9,while-overlap / while-throughout / while-contrast,Dexagon,p50k_base,4,while-overlap,"During a nonempty part of railway-possession-305, track-survey-305 starts.",while-overlap(railway-possession-305; track-survey-305 starts).,21,21,0
c48d312908888151e8258bc8e13243151cabda36eb8bebd6ce74ee1e5890d9d9,while-overlap / while-throughout / while-contrast,Dexagon,p50k_base,5,while-overlap,"During a nonempty part of kiln-cycle-306, colour-reading-306 is taken.",while-overlap(kiln-cycle-306; colour-reading-306 is taken).,21,20,-1
c48d312908888151e8258bc8e13243151cabda36eb8bebd6ce74ee1e5890d9d9,while-overlap / while-throughout / while-contrast,Dexagon,p50k_base,6,while-overlap,"During a nonempty part of workshop-session-307, tool-delivery-307 arrives.",while-overlap(workshop-session-307; tool-delivery-307 arrives).,20,19,-1
c48d312908888151e8258bc8e13243151cabda36eb8bebd6ce74ee1e5890d9d9,while-overlap / while-throughout / while-contrast,Dexagon,p50k_base,7,while-overlap,"During a nonempty part of warehouse-shift-308, pallet-count-308 is completed.",while-overlap(warehouse-shift-308; pallet-count-308 is completed).,21,21,0
c48d312908888151e8258bc8e13243151cabda36eb8bebd6ce74ee1e5890d9d9,while-overlap / while-throughout / while-contrast,Dexagon,p50k_base,8,while-overlap,"During a nonempty part of radio-watch-309, distress-call-309 is received.",while-overlap(radio-watch-309; distress-call-309 is received).,20,19,-1
c48d312908888151e8258bc8e13243151cabda36eb8bebd6ce74ee1e5890d9d9,while-overlap / while-throughout / while-contrast,Dexagon,p50k_base,9,while-overlap,"During a nonempty part of budget-hearing-310, amendment-310 is introduced.",while-overlap(budget-hearing-310; amendment-310 is introduced).,19,18,-1
c48d312908888151e8258bc8e13243151cabda36eb8bebd6ce74ee1e5890d9d9,while-overlap / while-throughout / while-contrast,Dexagon,p50k_base,10,while-overlap,"During a nonempty part of ferry-crossing-311, weather-bulletin-311 is issued.",while-overlap(ferry-crossing-311; weather-bulletin-311 is issued).,23,23,0
c48d312908888151e8258bc8e13243151cabda36eb8bebd6ce74ee1e5890d9d9,while-overlap / while-throughout / while-contrast,Dexagon,p50k_base,11,while-overlap,"During a nonempty part of greenhouse-trial-312, leaf-image-312 is captured.",while-overlap(greenhouse-trial-312; leaf-image-312 is captured).,20,20,0
c48d312908888151e8258bc8e13243151cabda36eb8bebd6ce74ee1e5890d9d9,while-overlap / while-throughout / while-contrast,Dexagon,p50k_base,12,while-overlap,"During a nonempty part of tunnel-survey-313, distance-reading-313 is logged.",while-overlap(tunnel-survey-313; distance-reading-313 is logged).,21,21,0
c48d312908888151e8258bc8e13243151cabda36eb8bebd6ce74ee1e5890d9d9,while-overlap / while-throughout / while-contrast,Dexagon,p50k_base,13,while-overlap,"During a nonempty part of school-session-314, attendance-check-314 takes place.",while-overlap(school-session-314; attendance-check-314 takes place).,20,19,-1
c48d312908888151e8258bc8e13243151cabda36eb8bebd6ce74ee1e5890d9d9,while-overlap / while-throughout / while-contrast,Dexagon,p50k_base,14,while-overlap,"During a nonempty part of reservoir-watch-315, water-sample-315 is retrieved.",while-overlap(reservoir-watch-315; water-sample-315 is retrieved).,20,21,1
c48d312908888151e8258bc8e13243151cabda36eb8bebd6ce74ee1e5890d9d9,while-overlap / while-throughout / while-contrast,Dexagon,p50k_base,15,while-overlap,"During a nonempty part of museum-opening-316, visitor-count-316 is recorded.",while-overlap(museum-opening-316; visitor-count-316 is recorded).,20,20,0
c48d312908888151e8258bc8e13243151cabda36eb8bebd6ce74ee1e5890d9d9,while-overlap / while-throughout / while-contrast,Dexagon,p50k_base,16,while-overlap,"During a nonempty part of satellite-pass-317, beacon-317 transmits.",while-overlap(satellite-pass-317; beacon-317 transmits).,18,18,0
c48d312908888151e8258bc8e13243151cabda36eb8bebd6ce74ee1e5890d9d9,while-overlap / while-throughout / while-contrast,Dexagon,p50k_base,17,while-overlap,"During a nonempty part of stage-rehearsal-318, lighting-cue-318 executes.",while-overlap(stage-rehearsal-318; lighting-cue-318 executes).,22,21,-1
c48d312908888151e8258bc8e13243151cabda36eb8bebd6ce74ee1e5890d9d9,while-overlap / while-throughout / while-contrast,Dexagon,p50k_base,18,while-overlap,"During a nonempty part of harvest-shift-319, grain-load-319 is weighed.",while-overlap(harvest-shift-319; grain-load-319 is weighed).,20,20,0
c48d312908888151e8258bc8e13243151cabda36eb8bebd6ce74ee1e5890d9d9,while-overlap / while-throughout / while-contrast,Dexagon,p50k_base,19,while-overlap,"During a nonempty part of harbour-inspection-320, buoy-reading-320 is checked.",while-overlap(harbour-inspection-320; buoy-reading-320 is checked).,21,21,0
c48d312908888151e8258bc8e13243151cabda36eb8bebd6ce74ee1e5890d9d9,while-overlap / while-throughout / while-contrast,Dexagon,p50k_base,20,while-throughout,"Throughout the entire interval paint-curing-401, ventilation-401 remains active.",while-throughout(paint-curing-401; ventilation-401 remains active).,17,19,2
c48d312908888151e8258bc8e13243151cabda36eb8bebd6ce74ee1e5890d9d9,while-overlap / while-throughout / while-contrast,Dexagon,p50k_base,21,while-throughout,"Throughout the entire interval antenna-service-402, transmitter-402 remains isolated.",while-throughout(antenna-service-402; transmitter-402 remains isolated).,16,18,2
c48d312908888151e8258bc8e13243151cabda36eb8bebd6ce74ee1e5890d9d9,while-overlap / while-throughout / while-contrast,Dexagon,p50k_base,22,while-throughout,"Throughout the entire interval seed-storage-403, humidity-403 remains controlled.",while-throughout(seed-storage-403; humidity-403 remains controlled).,16,17,1
c48d312908888151e8258bc8e13243151cabda36eb8bebd6ce74ee1e5890d9d9,while-overlap / while-throughout / while-contrast,Dexagon,p50k_base,23,while-throughout,"Throughout the entire interval boat-lifting-404, exclusion-zone-404 remains clear.",while-throughout(boat-lifting-404; exclusion-zone-404 remains clear).,18,19,1
c48d312908888151e8258bc8e13243151cabda36eb8bebd6ce74ee1e5890d9d9,while-overlap / while-throughout / while-contrast,Dexagon,p50k_base,24,while-throughout,"Throughout the entire interval public-hearing-405, transcript-feed-405 remains accessible.",while-throughout(public-hearing-405; transcript-feed-405 remains accessible).,19,20,1
c48d312908888151e8258bc8e13243151cabda36eb8bebd6ce74ee1e5890d9d9,while-overlap / while-throughout / while-contrast,Dexagon,p50k_base,25,while-throughout,"Throughout the entire interval election-count-406, ballot-room-406 remains supervised.",while-throughout(election-count-406; ballot-room-406 remains supervised).,18,19,1
c48d312908888151e8258bc8e13243151cabda36eb8bebd6ce74ee1e5890d9d9,while-overlap / while-throughout / while-contrast,Dexagon,p50k_base,26,while-throughout,"Throughout the entire interval specimen-transit-407, cold-chain-407 remains intact.",while-throughout(specimen-transit-407; cold-chain-407 remains intact).,19,21,2
c48d312908888151e8258bc8e13243151cabda36eb8bebd6ce74ee1e5890d9d9,while-overlap / while-throughout / while-contrast,Dexagon,p50k_base,27,while-throughout,"Throughout the entire interval bridge-loading-408, strain-monitor-408 remains calibrated.",while-throughout(bridge-loading-408; strain-monitor-408 remains calibrated).,18,19,1
c48d312908888151e8258bc8e13243151cabda36eb8bebd6ce74ee1e5890d9d9,while-overlap / while-throughout / while-contrast,Dexagon,p50k_base,28,while-throughout,"Throughout the entire interval training-session-409, observer-409 remains present.",while-throughout(training-session-409; observer-409 remains present).,16,17,1
c48d312908888151e8258bc8e13243151cabda36eb8bebd6ce74ee1e5890d9d9,while-overlap / while-throughout / while-contrast,Dexagon,p50k_base,29,while-throughout,"Throughout the entire interval server-cleaning-410, power-feed-410 remains disconnected.",while-throughout(server-cleaning-410; power-feed-410 remains disconnected).,19,20,1
c48d312908888151e8258bc8e13243151cabda36eb8bebd6ce74ee1e5890d9d9,while-overlap / while-throughout / while-contrast,Dexagon,p50k_base,30,while-throughout,"Throughout the entire interval fuel-transfer-411, bonding-cable-411 remains attached.",while-throughout(fuel-transfer-411; bonding-cable-411 remains attached).,19,20,1
c48d312908888151e8258bc8e13243151cabda36eb8bebd6ce74ee1e5890d9d9,while-overlap / while-throughout / while-contrast,Dexagon,p50k_base,31,while-throughout,"Throughout the entire interval flood-watch-412, gauge-412 remains readable.",while-throughout(flood-watch-412; gauge-412 remains readable).,16,18,2
c48d312908888151e8258bc8e13243151cabda36eb8bebd6ce74ee1e5890d9d9,while-overlap / while-throughout / while-contrast,Dexagon,p50k_base,32,while-throughout,"Throughout the entire interval chemical-mixing-413, extraction-hood-413 remains enabled.",while-throughout(chemical-mixing-413; extraction-hood-413 remains enabled).,19,20,1
c48d312908888151e8258bc8e13243151cabda36eb8bebd6ce74ee1e5890d9d9,while-overlap / while-throughout / while-contrast,Dexagon,p50k_base,33,while-throughout,"Throughout the entire interval census-collection-414, response-store-414 remains protected.",while-throughout(census-collection-414; response-store-414 remains protected).,18,20,2
c48d312908888151e8258bc8e13243151cabda36eb8bebd6ce74ee1e5890d9d9,while-overlap / while-throughout / while-contrast,Dexagon,p50k_base,34,while-throughout,"Throughout the entire interval crane-movement-415, spotter-415 remains visible.",while-throughout(crane-movement-415; spotter-415 remains visible).,18,20,2
c48d312908888151e8258bc8e13243151cabda36eb8bebd6ce74ee1e5890d9d9,while-overlap / while-throughout / while-contrast,Dexagon,p50k_base,35,while-throughout,"Throughout the entire interval archive-exhibition-416, display-case-416 remains sealed.",while-throughout(archive-exhibition-416; display-case-416 remains sealed).,19,20,1
c48d312908888151e8258bc8e13243151cabda36eb8bebd6ce74ee1e5890d9d9,while-overlap / while-throughout / while-contrast,Dexagon,p50k_base,36,while-throughout,"Throughout the entire interval thermal-soak-417, pressure-417 remains constant.",while-throughout(thermal-soak-417; pressure-417 remains constant).,17,19,2
c48d312908888151e8258bc8e13243151cabda36eb8bebd6ce74ee1e5890d9d9,while-overlap / while-throughout / while-contrast,Dexagon,p50k_base,37,while-throughout,"Throughout the entire interval river-crossing-418, safety-line-418 remains secured.",while-throughout(river-crossing-418; safety-line-418 remains secured).,19,20,1
c48d312908888151e8258bc8e13243151cabda36eb8bebd6ce74ee1e5890d9d9,while-overlap / while-throughout / while-contrast,Dexagon,p50k_base,38,while-throughout,"Throughout the entire interval ticket-sale-419, pricing-rule-419 remains published.",while-throughout(ticket-sale-419; pricing-rule-419 remains published).,18,19,1
c48d312908888151e8258bc8e13243151cabda36eb8bebd6ce74ee1e5890d9d9,while-overlap / while-throughout / while-contrast,Dexagon,p50k_base,39,while-throughout,"Throughout the entire interval survey-period-420, reference-marker-420 remains stationary.",while-throughout(survey-period-420; reference-marker-420 remains stationary).,19,21,2
c48d312908888151e8258bc8e13243151cabda36eb8bebd6ce74ee1e5890d9d9,while-overlap / while-throughout / while-contrast,Dexagon,p50k_base,40,while-contrast,"lens-501 admits more light, whereas lens-502 weighs less.",while-contrast(lens-501 admits more light; lens-502 weighs less).,15,19,4
c48d312908888151e8258bc8e13243151cabda36eb8bebd6ce74ee1e5890d9d9,while-overlap / while-throughout / while-contrast,Dexagon,p50k_base,41,while-contrast,"pump-503 draws less power, whereas pump-504 delivers more water.",while-contrast(pump-503 draws less power; pump-504 delivers more water).,16,20,4
c48d312908888151e8258bc8e13243151cabda36eb8bebd6ce74ee1e5890d9d9,while-overlap / while-throughout / while-contrast,Dexagon,p50k_base,42,while-contrast,"roof-505 sheds snow readily, whereas roof-506 supports more panels.",while-contrast(roof-505 sheds snow readily; roof-506 supports more panels).,16,20,4
c48d312908888151e8258bc8e13243151cabda36eb8bebd6ce74ee1e5890d9d9,while-overlap / while-throughout / while-contrast,Dexagon,p50k_base,43,while-contrast,"lesson-507 covers more topics, whereas lesson-508 allows more practice.",while-contrast(lesson-507 covers more topics; lesson-508 allows more practice).,16,20,4
c48d312908888151e8258bc8e13243151cabda36eb8bebd6ce74ee1e5890d9d9,while-overlap / while-throughout / while-contrast,Dexagon,p50k_base,44,while-contrast,"telescope-509 has a wider field, whereas telescope-510 resolves smaller details.",while-contrast(telescope-509 has a wider field; telescope-510 resolves smaller details).,18,22,4
c48d312908888151e8258bc8e13243151cabda36eb8bebd6ce74ee1e5890d9d9,while-overlap / while-throughout / while-contrast,Dexagon,p50k_base,45,while-contrast,"vessel-511 carries more cargo, whereas vessel-512 enters shallower ports.",while-contrast(vessel-511 carries more cargo; vessel-512 enters shallower ports).,17,21,4
c48d312908888151e8258bc8e13243151cabda36eb8bebd6ce74ee1e5890d9d9,while-overlap / while-throughout / while-contrast,Dexagon,p50k_base,46,while-contrast,"printer-513 is quieter, whereas printer-514 accepts larger sheets.",while-contrast(printer-513 is quieter; printer-514 accepts larger sheets).,15,19,4
c48d312908888151e8258bc8e13243151cabda36eb8bebd6ce74ee1e5890d9d9,while-overlap / while-throughout / while-contrast,Dexagon,p50k_base,47,while-contrast,"fabric-515 dries quickly, whereas fabric-516 retains more warmth.",while-contrast(fabric-515 dries quickly; fabric-516 retains more warmth).,16,20,4
c48d312908888151e8258bc8e13243151cabda36eb8bebd6ce74ee1e5890d9d9,while-overlap / while-throughout / while-contrast,Dexagon,p50k_base,48,while-contrast,"orchard-517 yields more fruit, whereas orchard-518 needs less irrigation.",while-contrast(orchard-517 yields more fruit; orchard-518 needs less irrigation).,17,21,4
c48d312908888151e8258bc8e13243151cabda36eb8bebd6ce74ee1e5890d9d9,while-overlap / while-throughout / while-contrast,Dexagon,p50k_base,49,while-contrast,"keyboard-519 occupies less space, whereas keyboard-520 has larger keys.",while-contrast(keyboard-519 occupies less space; keyboard-520 has larger keys).,16,20,4
c48d312908888151e8258bc8e13243151cabda36eb8bebd6ce74ee1e5890d9d9,while-overlap / while-throughout / while-contrast,Dexagon,p50k_base,50,while-contrast,"diagram-521 shows more detail, whereas diagram-522 fits on one page.",while-contrast(diagram-521 shows more detail; diagram-522 fits on one page).,18,22,4
c48d312908888151e8258bc8e13243151cabda36eb8bebd6ce74ee1e5890d9d9,while-overlap / while-throughout / while-contrast,Dexagon,p50k_base,51,while-contrast,"tram-523 has more seats, whereas tram-524 has wider doors.",while-contrast(tram-523 has more seats; tram-524 has wider doors).,16,20,4
c48d312908888151e8258bc8e13243151cabda36eb8bebd6ce74ee1e5890d9d9,while-overlap / while-throughout / while-contrast,Dexagon,p50k_base,52,while-contrast,"reagent-525 reacts sooner, whereas reagent-526 stores longer.",while-contrast(reagent-525 reacts sooner; reagent-526 stores longer).,15,19,4
c48d312908888151e8258bc8e13243151cabda36eb8bebd6ce74ee1e5890d9d9,while-overlap / while-throughout / while-contrast,Dexagon,p50k_base,53,while-contrast,"turbine-527 starts in lighter wind, whereas turbine-528 withstands stronger gusts.",while-contrast(turbine-527 starts in lighter wind; turbine-528 withstands stronger gusts).,21,25,4
c48d312908888151e8258bc8e13243151cabda36eb8bebd6ce74ee1e5890d9d9,while-overlap / while-throughout / while-contrast,Dexagon,p50k_base,54,while-contrast,"plot-529 receives more sunlight, whereas plot-530 retains more moisture.",while-contrast(plot-529 receives more sunlight; plot-530 retains more moisture).,15,19,4
c48d312908888151e8258bc8e13243151cabda36eb8bebd6ce74ee1e5890d9d9,while-overlap / while-throughout / while-contrast,Dexagon,p50k_base,55,while-contrast,"camera-531 records more frames, whereas camera-532 produces less noise.",while-contrast(camera-531 records more frames; camera-532 produces less noise).,17,21,4
c48d312908888151e8258bc8e13243151cabda36eb8bebd6ce74ee1e5890d9d9,while-overlap / while-throughout / while-contrast,Dexagon,p50k_base,56,while-contrast,"crate-533 stacks more securely, whereas crate-534 folds flat.",while-contrast(crate-533 stacks more securely; crate-534 folds flat).,16,20,4
c48d312908888151e8258bc8e13243151cabda36eb8bebd6ce74ee1e5890d9d9,while-overlap / while-throughout / while-contrast,Dexagon,p50k_base,57,while-contrast,"sensor-pack-535 samples more often, whereas sensor-pack-536 lasts more months.",while-contrast(sensor-pack-535 samples more often; sensor-pack-536 lasts more months).,20,24,4
c48d312908888151e8258bc8e13243151cabda36eb8bebd6ce74ee1e5890d9d9,while-overlap / while-throughout / while-contrast,Dexagon,p50k_base,58,while-contrast,"transcript-537 preserves pauses, whereas transcript-538 is easier to search.",while-contrast(transcript-537 preserves pauses; transcript-538 is easier to search).,16,20,4
c48d312908888151e8258bc8e13243151cabda36eb8bebd6ce74ee1e5890d9d9,while-overlap / while-throughout / while-contrast,Dexagon,p50k_base,59,while-contrast,"path-539 has fewer steps, whereas path-540 has a gentler slope.",while-contrast(path-539 has fewer steps; path-540 has a gentler slope).,18,22,4
fc1357ce9864f54c40a3e45fee1ff9b80ad785731d5c88713451e4a129fd3ddd,impact-recovered / cause-resolved incident-handoff axes,Excelsior,cl100k_base,0,impact-recovered,"In shopping-total-jump, the declared impact was absent under the resolved price-total-probe check at 17:32.",shopping-total-jump impact-recovered(price-total-probe@17:32),25,16,-9
fc1357ce9864f54c40a3e45fee1ff9b80ad785731d5c88713451e4a129fd3ddd,impact-recovered / cause-resolved incident-handoff axes,Excelsior,cl100k_base,1,impact-recovered,"In voucher-redeem-loop, the declared impact was absent under the resolved coupon-state-probe check at 05:12.",voucher-redeem-loop impact-recovered(coupon-state-probe@05:12),26,18,-8
fc1357ce9864f54c40a3e45fee1ff9b80ad785731d5c88713451e4a129fd3ddd,impact-recovered / cause-resolved incident-handoff axes,Excelsior,cl100k_base,2,impact-recovered,"In stock-badge-delay, the declared impact was absent under the resolved availability-age-probe check at 22:18.",stock-badge-delay impact-recovered(availability-age-probe@22:18),24,16,-8
fc1357ce9864f54c40a3e45fee1ff9b80ad785731d5c88713451e4a129fd3ddd,impact-recovered / cause-resolved incident-handoff axes,Excelsior,cl100k_base,3,impact-recovered,"In sorter-belt-slip, the declared impact was absent under the resolved belt-travel-check check at 12:43.",sorter-belt-slip impact-recovered(belt-travel-check@12:43),26,19,-7
fc1357ce9864f54c40a3e45fee1ff9b80ad785731d5c88713451e4a129fd3ddd,impact-recovered / cause-resolved incident-handoff axes,Excelsior,cl100k_base,4,impact-recovered,"In coolant-valve-chatter, the declared impact was absent under the resolved steady-flow-check check at 02:28.",coolant-valve-chatter impact-recovered(steady-flow-check@02:28),25,19,-6
fc1357ce9864f54c40a3e45fee1ff9b80ad785731d5c88713451e4a129fd3ddd,impact-recovered / cause-resolved incident-handoff axes,Excelsior,cl100k_base,5,impact-recovered,"In scanner-dock-shortage, the declared impact was absent under the resolved bench-count-check check at 06:37.",scanner-dock-shortage impact-recovered(bench-count-check@06:37),25,17,-8
fc1357ce9864f54c40a3e45fee1ff9b80ad785731d5c88713451e4a129fd3ddd,impact-recovered / cause-resolved incident-handoff axes,Excelsior,cl100k_base,6,impact-recovered,"In packing-label-backlog, the declared impact was absent under the resolved station-depth-check check at 15:47.",packing-label-backlog impact-recovered(station-depth-check@15:47),24,15,-9
fc1357ce9864f54c40a3e45fee1ff9b80ad785731d5c88713451e4a129fd3ddd,impact-recovered / cause-resolved incident-handoff axes,Excelsior,cl100k_base,7,impact-recovered,"In consignment-route-loop, the declared impact was absent under the resolved waypoint-order-check check at 07:54.",consignment-route-loop impact-recovered(waypoint-order-check@07:54),24,17,-7
fc1357ce9864f54c40a3e45fee1ff9b80ad785731d5c88713451e4a129fd3ddd,impact-recovered / cause-resolved incident-handoff axes,Excelsior,cl100k_base,8,impact-recovered,"In trailer-humidity-rise, the declared impact was absent under the resolved cargo-moisture-probe check at 18:26.",trailer-humidity-rise impact-recovered(cargo-moisture-probe@18:26),28,21,-7
fc1357ce9864f54c40a3e45fee1ff9b80ad785731d5c88713451e4a129fd3ddd,impact-recovered / cause-resolved incident-handoff axes,Excelsior,cl100k_base,9,impact-recovered,"In dispatch-slot-collision, the declared impact was absent under the resolved departure-grid-check check at 09:42.",dispatch-slot-collision impact-recovered(departure-grid-check@09:42),24,17,-7
fc1357ce9864f54c40a3e45fee1ff9b80ad785731d5c88713451e4a129fd3ddd,impact-recovered / cause-resolved incident-handoff axes,Excelsior,cl100k_base,10,impact-recovered,"In appendix-order-drift, the declared impact was absent under the resolved page-sequence-check check at 11:08.",appendix-order-drift impact-recovered(page-sequence-check@11:08),25,17,-8
fc1357ce9864f54c40a3e45fee1ff9b80ad785731d5c88713451e4a129fd3ddd,impact-recovered / cause-resolved incident-handoff axes,Excelsior,cl100k_base,11,impact-recovered,"In review-stamp-loss, the declared impact was absent under the resolved approval-mark-check check at 16:52.",review-stamp-loss impact-recovered(approval-mark-check@16:52),24,17,-7
fc1357ce9864f54c40a3e45fee1ff9b80ad785731d5c88713451e4a129fd3ddd,impact-recovered / cause-resolved incident-handoff axes,Excelsior,cl100k_base,12,impact-recovered,"In folder-access-gap, the declared impact was absent under the resolved document-open-check check at 00:34.",folder-access-gap impact-recovered(document-open-check@00:34),23,14,-9
fc1357ce9864f54c40a3e45fee1ff9b80ad785731d5c88713451e4a129fd3ddd,impact-recovered / cause-resolved incident-handoff axes,Excelsior,cl100k_base,13,impact-recovered,"In cloakroom-token-delay, the declared impact was absent under the resolved counter-wait-check check at 13:17.",cloakroom-token-delay impact-recovered(counter-wait-check@13:17),25,16,-9
fc1357ce9864f54c40a3e45fee1ff9b80ad785731d5c88713451e4a129fd3ddd,impact-recovered / cause-resolved incident-handoff axes,Excelsior,cl100k_base,14,impact-recovered,"In gallery-light-flicker, the declared impact was absent under the resolved display-brightness-check check at 19:38.",gallery-light-flicker impact-recovered(display-brightness-check@19:38),26,17,-9
fc1357ce9864f54c40a3e45fee1ff9b80ad785731d5c88713451e4a129fd3ddd,impact-recovered / cause-resolved incident-handoff axes,Excelsior,cl100k_base,15,impact-recovered,"In seat-map-clash, the declared impact was absent under the resolved aisle-placement-check check at 20:46.",seat-map-clash impact-recovered(aisle-placement-check@20:46),24,17,-7
fc1357ce9864f54c40a3e45fee1ff9b80ad785731d5c88713451e4a129fd3ddd,impact-recovered / cause-resolved incident-handoff axes,Excelsior,cl100k_base,16,cause-resolved,"In shopping-total-jump, causal mechanism repeated-tax-application was removed and the resolved basket-replay-test test passed.","shopping-total-jump cause-resolved(repeated-tax-application, checked-by=basket-replay-test)",23,20,-3
fc1357ce9864f54c40a3e45fee1ff9b80ad785731d5c88713451e4a129fd3ddd,impact-recovered / cause-resolved incident-handoff axes,Excelsior,cl100k_base,17,cause-resolved,"In voucher-redeem-loop, causal mechanism stale-redemption-lock was removed and the resolved voucher-retry-test test passed.","voucher-redeem-loop cause-resolved(stale-redemption-lock, checked-by=voucher-retry-test)",25,22,-3
fc1357ce9864f54c40a3e45fee1ff9b80ad785731d5c88713451e4a129fd3ddd,impact-recovered / cause-resolved incident-handoff axes,Excelsior,cl100k_base,18,cause-resolved,"In stock-badge-delay, causal mechanism blocked-stock-notifier was removed and the resolved badge-refresh-test test passed.","stock-badge-delay cause-resolved(blocked-stock-notifier, checked-by=badge-refresh-test)",22,19,-3
fc1357ce9864f54c40a3e45fee1ff9b80ad785731d5c88713451e4a129fd3ddd,impact-recovered / cause-resolved incident-handoff axes,Excelsior,cl100k_base,19,cause-resolved,"In sorter-belt-slip, causal mechanism slack-drive-belt was removed and the resolved tension-load-test test passed.","sorter-belt-slip cause-resolved(slack-drive-belt, checked-by=tension-load-test)",24,22,-2
fc1357ce9864f54c40a3e45fee1ff9b80ad785731d5c88713451e4a129fd3ddd,impact-recovered / cause-resolved incident-handoff axes,Excelsior,cl100k_base,20,cause-resolved,"In coolant-valve-chatter, causal mechanism pitted-valve-seat was removed and the resolved valve-cycle-test test passed.","coolant-valve-chatter cause-resolved(pitted-valve-seat, checked-by=valve-cycle-test)",25,22,-3
fc1357ce9864f54c40a3e45fee1ff9b80ad785731d5c88713451e4a129fd3ddd,impact-recovered / cause-resolved incident-handoff axes,Excelsior,cl100k_base,21,cause-resolved,"In scanner-dock-shortage, causal mechanism incorrect-return-routing was removed and the resolved dock-return-test test passed.","scanner-dock-shortage cause-resolved(incorrect-return-routing, checked-by=dock-return-test)",23,20,-3
fc1357ce9864f54c40a3e45fee1ff9b80ad785731d5c88713451e4a129fd3ddd,impact-recovered / cause-resolved incident-handoff axes,Excelsior,cl100k_base,22,cause-resolved,"In packing-label-backlog, causal mechanism paused-label-spooler was removed and the resolved spool-drain-test test passed.","packing-label-backlog cause-resolved(paused-label-spooler, checked-by=spool-drain-test)",26,23,-3
fc1357ce9864f54c40a3e45fee1ff9b80ad785731d5c88713451e4a129fd3ddd,impact-recovered / cause-resolved incident-handoff axes,Excelsior,cl100k_base,23,cause-resolved,"In consignment-route-loop, causal mechanism duplicate-transfer-rule was removed and the resolved routing-replay-test test passed.","consignment-route-loop cause-resolved(duplicate-transfer-rule, checked-by=routing-replay-test)",23,20,-3
fc1357ce9864f54c40a3e45fee1ff9b80ad785731d5c88713451e4a129fd3ddd,impact-recovered / cause-resolved incident-handoff axes,Excelsior,cl100k_base,24,cause-resolved,"In trailer-humidity-rise, causal mechanism cracked-vent-cover was removed and the resolved ventilation-soak-test test passed.","trailer-humidity-rise cause-resolved(cracked-vent-cover, checked-by=ventilation-soak-test)",24,23,-1
fc1357ce9864f54c40a3e45fee1ff9b80ad785731d5c88713451e4a129fd3ddd,impact-recovered / cause-resolved incident-handoff axes,Excelsior,cl100k_base,25,cause-resolved,"In dispatch-slot-collision, causal mechanism overlapping-booking-rule was removed and the resolved booking-replay-test test passed.","dispatch-slot-collision cause-resolved(overlapping-booking-rule, checked-by=booking-replay-test)",24,22,-2
fc1357ce9864f54c40a3e45fee1ff9b80ad785731d5c88713451e4a129fd3ddd,impact-recovered / cause-resolved incident-handoff axes,Excelsior,cl100k_base,26,cause-resolved,"In appendix-order-drift, causal mechanism reversed-assembly-template was removed and the resolved assembly-order-test test passed.","appendix-order-drift cause-resolved(reversed-assembly-template, checked-by=assembly-order-test)",23,21,-2
fc1357ce9864f54c40a3e45fee1ff9b80ad785731d5c88713451e4a129fd3ddd,impact-recovered / cause-resolved incident-handoff axes,Excelsior,cl100k_base,27,cause-resolved,"In review-stamp-loss, causal mechanism missing-stamp-font was removed and the resolved stamp-render-test test passed.","review-stamp-loss cause-resolved(missing-stamp-font, checked-by=stamp-render-test)",23,20,-3
fc1357ce9864f54c40a3e45fee1ff9b80ad785731d5c88713451e4a129fd3ddd,impact-recovered / cause-resolved incident-handoff axes,Excelsior,cl100k_base,28,cause-resolved,"In folder-access-gap, causal mechanism outdated-role-binding was removed and the resolved access-replay-test test passed.","folder-access-gap cause-resolved(outdated-role-binding, checked-by=access-replay-test)",22,19,-3
fc1357ce9864f54c40a3e45fee1ff9b80ad785731d5c88713451e4a129fd3ddd,impact-recovered / cause-resolved incident-handoff axes,Excelsior,cl100k_base,29,cause-resolved,"In cloakroom-token-delay, causal mechanism blocked-printer-spool was removed and the resolved ticket-output-test test passed.","cloakroom-token-delay cause-resolved(blocked-printer-spool, checked-by=ticket-output-test)",24,21,-3
fc1357ce9864f54c40a3e45fee1ff9b80ad785731d5c88713451e4a129fd3ddd,impact-recovered / cause-resolved incident-handoff axes,Excelsior,cl100k_base,30,cause-resolved,"In gallery-light-flicker, causal mechanism defective-dimmer-module was removed and the resolved brightness-sweep-test test passed.","gallery-light-flicker cause-resolved(defective-dimmer-module, checked-by=brightness-sweep-test)",25,22,-3
fc1357ce9864f54c40a3e45fee1ff9b80ad785731d5c88713451e4a129fd3ddd,impact-recovered / cause-resolved incident-handoff axes,Excelsior,cl100k_base,31,cause-resolved,"In seat-map-clash, causal mechanism duplicated-row-template was removed and the resolved seating-layout-test test passed.","seat-map-clash cause-resolved(duplicated-row-template, checked-by=seating-layout-test)",22,20,-2
fc1357ce9864f54c40a3e45fee1ff9b80ad785731d5c88713451e4a129fd3ddd,impact-recovered / cause-resolved incident-handoff axes,Excelsior,o200k_base,0,impact-recovered,"In shopping-total-jump, the declared impact was absent under the resolved price-total-probe check at 17:32.",shopping-total-jump impact-recovered(price-total-probe@17:32),25,16,-9
fc1357ce9864f54c40a3e45fee1ff9b80ad785731d5c88713451e4a129fd3ddd,impact-recovered / cause-resolved incident-handoff axes,Excelsior,o200k_base,1,impact-recovered,"In voucher-redeem-loop, the declared impact was absent under the resolved coupon-state-probe check at 05:12.",voucher-redeem-loop impact-recovered(coupon-state-probe@05:12),26,18,-8
fc1357ce9864f54c40a3e45fee1ff9b80ad785731d5c88713451e4a129fd3ddd,impact-recovered / cause-resolved incident-handoff axes,Excelsior,o200k_base,2,impact-recovered,"In stock-badge-delay, the declared impact was absent under the resolved availability-age-probe check at 22:18.",stock-badge-delay impact-recovered(availability-age-probe@22:18),25,17,-8
fc1357ce9864f54c40a3e45fee1ff9b80ad785731d5c88713451e4a129fd3ddd,impact-recovered / cause-resolved incident-handoff axes,Excelsior,o200k_base,3,impact-recovered,"In sorter-belt-slip, the declared impact was absent under the resolved belt-travel-check check at 12:43.",sorter-belt-slip impact-recovered(belt-travel-check@12:43),25,18,-7
fc1357ce9864f54c40a3e45fee1ff9b80ad785731d5c88713451e4a129fd3ddd,impact-recovered / cause-resolved incident-handoff axes,Excelsior,o200k_base,4,impact-recovered,"In coolant-valve-chatter, the declared impact was absent under the resolved steady-flow-check check at 02:28.",coolant-valve-chatter impact-recovered(steady-flow-check@02:28),25,18,-7
fc1357ce9864f54c40a3e45fee1ff9b80ad785731d5c88713451e4a129fd3ddd,impact-recovered / cause-resolved incident-handoff axes,Excelsior,o200k_base,5,impact-recovered,"In scanner-dock-shortage, the declared impact was absent under the resolved bench-count-check check at 06:37.",scanner-dock-shortage impact-recovered(bench-count-check@06:37),25,17,-8
fc1357ce9864f54c40a3e45fee1ff9b80ad785731d5c88713451e4a129fd3ddd,impact-recovered / cause-resolved incident-handoff axes,Excelsior,o200k_base,6,impact-recovered,"In packing-label-backlog, the declared impact was absent under the resolved station-depth-check check at 15:47.",packing-label-backlog impact-recovered(station-depth-check@15:47),24,16,-8
fc1357ce9864f54c40a3e45fee1ff9b80ad785731d5c88713451e4a129fd3ddd,impact-recovered / cause-resolved incident-handoff axes,Excelsior,o200k_base,7,impact-recovered,"In consignment-route-loop, the declared impact was absent under the resolved waypoint-order-check check at 07:54.",consignment-route-loop impact-recovered(waypoint-order-check@07:54),24,17,-7
fc1357ce9864f54c40a3e45fee1ff9b80ad785731d5c88713451e4a129fd3ddd,impact-recovered / cause-resolved incident-handoff axes,Excelsior,o200k_base,8,impact-recovered,"In trailer-humidity-rise, the declared impact was absent under the resolved cargo-moisture-probe check at 18:26.",trailer-humidity-rise impact-recovered(cargo-moisture-probe@18:26),27,20,-7
fc1357ce9864f54c40a3e45fee1ff9b80ad785731d5c88713451e4a129fd3ddd,impact-recovered / cause-resolved incident-handoff axes,Excelsior,o200k_base,9,impact-recovered,"In dispatch-slot-collision, the declared impact was absent under the resolved departure-grid-check check at 09:42.",dispatch-slot-collision impact-recovered(departure-grid-check@09:42),24,17,-7
fc1357ce9864f54c40a3e45fee1ff9b80ad785731d5c88713451e4a129fd3ddd,impact-recovered / cause-resolved incident-handoff axes,Excelsior,o200k_base,10,impact-recovered,"In appendix-order-drift, the declared impact was absent under the resolved page-sequence-check check at 11:08.",appendix-order-drift impact-recovered(page-sequence-check@11:08),25,17,-8
fc1357ce9864f54c40a3e45fee1ff9b80ad785731d5c88713451e4a129fd3ddd,impact-recovered / cause-resolved incident-handoff axes,Excelsior,o200k_base,11,impact-recovered,"In review-stamp-loss, the declared impact was absent under the resolved approval-mark-check check at 16:52.",review-stamp-loss impact-recovered(approval-mark-check@16:52),24,16,-8
fc1357ce9864f54c40a3e45fee1ff9b80ad785731d5c88713451e4a129fd3ddd,impact-recovered / cause-resolved incident-handoff axes,Excelsior,o200k_base,12,impact-recovered,"In folder-access-gap, the declared impact was absent under the resolved document-open-check check at 00:34.",folder-access-gap impact-recovered(document-open-check@00:34),23,14,-9
fc1357ce9864f54c40a3e45fee1ff9b80ad785731d5c88713451e4a129fd3ddd,impact-recovered / cause-resolved incident-handoff axes,Excelsior,o200k_base,13,impact-recovered,"In cloakroom-token-delay, the declared impact was absent under the resolved counter-wait-check check at 13:17.",cloakroom-token-delay impact-recovered(counter-wait-check@13:17),25,16,-9
fc1357ce9864f54c40a3e45fee1ff9b80ad785731d5c88713451e4a129fd3ddd,impact-recovered / cause-resolved incident-handoff axes,Excelsior,o200k_base,14,impact-recovered,"In gallery-light-flicker, the declared impact was absent under the resolved display-brightness-check check at 19:38.",gallery-light-flicker impact-recovered(display-brightness-check@19:38),27,18,-9
fc1357ce9864f54c40a3e45fee1ff9b80ad785731d5c88713451e4a129fd3ddd,impact-recovered / cause-resolved incident-handoff axes,Excelsior,o200k_base,15,impact-recovered,"In seat-map-clash, the declared impact was absent under the resolved aisle-placement-check check at 20:46.",seat-map-clash impact-recovered(aisle-placement-check@20:46),24,17,-7
fc1357ce9864f54c40a3e45fee1ff9b80ad785731d5c88713451e4a129fd3ddd,impact-recovered / cause-resolved incident-handoff axes,Excelsior,o200k_base,16,cause-resolved,"In shopping-total-jump, causal mechanism repeated-tax-application was removed and the resolved basket-replay-test test passed.","shopping-total-jump cause-resolved(repeated-tax-application, checked-by=basket-replay-test)",24,21,-3
fc1357ce9864f54c40a3e45fee1ff9b80ad785731d5c88713451e4a129fd3ddd,impact-recovered / cause-resolved incident-handoff axes,Excelsior,o200k_base,17,cause-resolved,"In voucher-redeem-loop, causal mechanism stale-redemption-lock was removed and the resolved voucher-retry-test test passed.","voucher-redeem-loop cause-resolved(stale-redemption-lock, checked-by=voucher-retry-test)",25,22,-3
fc1357ce9864f54c40a3e45fee1ff9b80ad785731d5c88713451e4a129fd3ddd,impact-recovered / cause-resolved incident-handoff axes,Excelsior,o200k_base,18,cause-resolved,"In stock-badge-delay, causal mechanism blocked-stock-notifier was removed and the resolved badge-refresh-test test passed.","stock-badge-delay cause-resolved(blocked-stock-notifier, checked-by=badge-refresh-test)",23,20,-3
fc1357ce9864f54c40a3e45fee1ff9b80ad785731d5c88713451e4a129fd3ddd,impact-recovered / cause-resolved incident-handoff axes,Excelsior,o200k_base,19,cause-resolved,"In sorter-belt-slip, causal mechanism slack-drive-belt was removed and the resolved tension-load-test test passed.","sorter-belt-slip cause-resolved(slack-drive-belt, checked-by=tension-load-test)",23,21,-2
fc1357ce9864f54c40a3e45fee1ff9b80ad785731d5c88713451e4a129fd3ddd,impact-recovered / cause-resolved incident-handoff axes,Excelsior,o200k_base,20,cause-resolved,"In coolant-valve-chatter, causal mechanism pitted-valve-seat was removed and the resolved valve-cycle-test test passed.","coolant-valve-chatter cause-resolved(pitted-valve-seat, checked-by=valve-cycle-test)",25,23,-2
fc1357ce9864f54c40a3e45fee1ff9b80ad785731d5c88713451e4a129fd3ddd,impact-recovered / cause-resolved incident-handoff axes,Excelsior,o200k_base,21,cause-resolved,"In scanner-dock-shortage, causal mechanism incorrect-return-routing was removed and the resolved dock-return-test test passed.","scanner-dock-shortage cause-resolved(incorrect-return-routing, checked-by=dock-return-test)",23,20,-3
fc1357ce9864f54c40a3e45fee1ff9b80ad785731d5c88713451e4a129fd3ddd,impact-recovered / cause-resolved incident-handoff axes,Excelsior,o200k_base,22,cause-resolved,"In packing-label-backlog, causal mechanism paused-label-spooler was removed and the resolved spool-drain-test test passed.","packing-label-backlog cause-resolved(paused-label-spooler, checked-by=spool-drain-test)",25,23,-2
fc1357ce9864f54c40a3e45fee1ff9b80ad785731d5c88713451e4a129fd3ddd,impact-recovered / cause-resolved incident-handoff axes,Excelsior,o200k_base,23,cause-resolved,"In consignment-route-loop, causal mechanism duplicate-transfer-rule was removed and the resolved routing-replay-test test passed.","consignment-route-loop cause-resolved(duplicate-transfer-rule, checked-by=routing-replay-test)",23,20,-3
fc1357ce9864f54c40a3e45fee1ff9b80ad785731d5c88713451e4a129fd3ddd,impact-recovered / cause-resolved incident-handoff axes,Excelsior,o200k_base,24,cause-resolved,"In trailer-humidity-rise, causal mechanism cracked-vent-cover was removed and the resolved ventilation-soak-test test passed.","trailer-humidity-rise cause-resolved(cracked-vent-cover, checked-by=ventilation-soak-test)",24,23,-1
fc1357ce9864f54c40a3e45fee1ff9b80ad785731d5c88713451e4a129fd3ddd,impact-recovered / cause-resolved incident-handoff axes,Excelsior,o200k_base,25,cause-resolved,"In dispatch-slot-collision, causal mechanism overlapping-booking-rule was removed and the resolved booking-replay-test test passed.","dispatch-slot-collision cause-resolved(overlapping-booking-rule, checked-by=booking-replay-test)",24,21,-3
fc1357ce9864f54c40a3e45fee1ff9b80ad785731d5c88713451e4a129fd3ddd,impact-recovered / cause-resolved incident-handoff axes,Excelsior,o200k_base,26,cause-resolved,"In appendix-order-drift, causal mechanism reversed-assembly-template was removed and the resolved assembly-order-test test passed.","appendix-order-drift cause-resolved(reversed-assembly-template, checked-by=assembly-order-test)",23,21,-2
fc1357ce9864f54c40a3e45fee1ff9b80ad785731d5c88713451e4a129fd3ddd,impact-recovered / cause-resolved incident-handoff axes,Excelsior,o200k_base,27,cause-resolved,"In review-stamp-loss, causal mechanism missing-stamp-font was removed and the resolved stamp-render-test test passed.","review-stamp-loss cause-resolved(missing-stamp-font, checked-by=stamp-render-test)",23,20,-3
fc1357ce9864f54c40a3e45fee1ff9b80ad785731d5c88713451e4a129fd3ddd,impact-recovered / cause-resolved incident-handoff axes,Excelsior,o200k_base,28,cause-resolved,"In folder-access-gap, causal mechanism outdated-role-binding was removed and the resolved access-replay-test test passed.","folder-access-gap cause-resolved(outdated-role-binding, checked-by=access-replay-test)",22,19,-3
fc1357ce9864f54c40a3e45fee1ff9b80ad785731d5c88713451e4a129fd3ddd,impact-recovered / cause-resolved incident-handoff axes,Excelsior,o200k_base,29,cause-resolved,"In cloakroom-token-delay, causal mechanism blocked-printer-spool was removed and the resolved ticket-output-test test passed.","cloakroom-token-delay cause-resolved(blocked-printer-spool, checked-by=ticket-output-test)",24,21,-3
fc1357ce9864f54c40a3e45fee1ff9b80ad785731d5c88713451e4a129fd3ddd,impact-recovered / cause-resolved incident-handoff axes,Excelsior,o200k_base,30,cause-resolved,"In gallery-light-flicker, causal mechanism defective-dimmer-module was removed and the resolved brightness-sweep-test test passed.","gallery-light-flicker cause-resolved(defective-dimmer-module, checked-by=brightness-sweep-test)",25,22,-3
fc1357ce9864f54c40a3e45fee1ff9b80ad785731d5c88713451e4a129fd3ddd,impact-recovered / cause-resolved incident-handoff axes,Excelsior,o200k_base,31,cause-resolved,"In seat-map-clash, causal mechanism duplicated-row-template was removed and the resolved seating-layout-test test passed.","seat-map-clash cause-resolved(duplicated-row-template, checked-by=seating-layout-test)",22,21,-1
fc1357ce9864f54c40a3e45fee1ff9b80ad785731d5c88713451e4a129fd3ddd,impact-recovered / cause-resolved incident-handoff axes,Excelsior,p50k_base,0,impact-recovered,"In shopping-total-jump, the declared impact was absent under the resolved price-total-probe check at 17:32.",shopping-total-jump impact-recovered(price-total-probe@17:32),27,22,-5
fc1357ce9864f54c40a3e45fee1ff9b80ad785731d5c88713451e4a129fd3ddd,impact-recovered / cause-resolved incident-handoff axes,Excelsior,p50k_base,1,impact-recovered,"In voucher-redeem-loop, the declared impact was absent under the resolved coupon-state-probe check at 05:12.",voucher-redeem-loop impact-recovered(coupon-state-probe@05:12),28,26,-2
fc1357ce9864f54c40a3e45fee1ff9b80ad785731d5c88713451e4a129fd3ddd,impact-recovered / cause-resolved incident-handoff axes,Excelsior,p50k_base,2,impact-recovered,"In stock-badge-delay, the declared impact was absent under the resolved availability-age-probe check at 22:18.",stock-badge-delay impact-recovered(availability-age-probe@22:18),28,22,-6
fc1357ce9864f54c40a3e45fee1ff9b80ad785731d5c88713451e4a129fd3ddd,impact-recovered / cause-resolved incident-handoff axes,Excelsior,p50k_base,3,impact-recovered,"In sorter-belt-slip, the declared impact was absent under the resolved belt-travel-check check at 12:43.",sorter-belt-slip impact-recovered(belt-travel-check@12:43),28,22,-6
fc1357ce9864f54c40a3e45fee1ff9b80ad785731d5c88713451e4a129fd3ddd,impact-recovered / cause-resolved incident-handoff axes,Excelsior,p50k_base,4,impact-recovered,"In coolant-valve-chatter, the declared impact was absent under the resolved steady-flow-check check at 02:28.",coolant-valve-chatter impact-recovered(steady-flow-check@02:28),29,24,-5
fc1357ce9864f54c40a3e45fee1ff9b80ad785731d5c88713451e4a129fd3ddd,impact-recovered / cause-resolved incident-handoff axes,Excelsior,p50k_base,5,impact-recovered,"In scanner-dock-shortage, the declared impact was absent under the resolved bench-count-check check at 06:37.",scanner-dock-shortage impact-recovered(bench-count-check@06:37),28,23,-5
fc1357ce9864f54c40a3e45fee1ff9b80ad785731d5c88713451e4a129fd3ddd,impact-recovered / cause-resolved incident-handoff axes,Excelsior,p50k_base,6,impact-recovered,"In packing-label-backlog, the declared impact was absent under the resolved station-depth-check check at 15:47.",packing-label-backlog impact-recovered(station-depth-check@15:47),27,21,-6
fc1357ce9864f54c40a3e45fee1ff9b80ad785731d5c88713451e4a129fd3ddd,impact-recovered / cause-resolved incident-handoff axes,Excelsior,p50k_base,7,impact-recovered,"In consignment-route-loop, the declared impact was absent under the resolved waypoint-order-check check at 07:54.",consignment-route-loop impact-recovered(waypoint-order-check@07:54),28,22,-6
fc1357ce9864f54c40a3e45fee1ff9b80ad785731d5c88713451e4a129fd3ddd,impact-recovered / cause-resolved incident-handoff axes,Excelsior,p50k_base,8,impact-recovered,"In trailer-humidity-rise, the declared impact was absent under the resolved cargo-moisture-probe check at 18:26.",trailer-humidity-rise impact-recovered(cargo-moisture-probe@18:26),30,26,-4
fc1357ce9864f54c40a3e45fee1ff9b80ad785731d5c88713451e4a129fd3ddd,impact-recovered / cause-resolved incident-handoff axes,Excelsior,p50k_base,9,impact-recovered,"In dispatch-slot-collision, the declared impact was absent under the resolved departure-grid-check check at 09:42.",dispatch-slot-collision impact-recovered(departure-grid-check@09:42),27,24,-3
fc1357ce9864f54c40a3e45fee1ff9b80ad785731d5c88713451e4a129fd3ddd,impact-recovered / cause-resolved incident-handoff axes,Excelsior,p50k_base,10,impact-recovered,"In appendix-order-drift, the declared impact was absent under the resolved page-sequence-check check at 11:08.",appendix-order-drift impact-recovered(page-sequence-check@11:08),27,22,-5
fc1357ce9864f54c40a3e45fee1ff9b80ad785731d5c88713451e4a129fd3ddd,impact-recovered / cause-resolved incident-handoff axes,Excelsior,p50k_base,11,impact-recovered,"In review-stamp-loss, the declared impact was absent under the resolved approval-mark-check check at 16:52.",review-stamp-loss impact-recovered(approval-mark-check@16:52),27,22,-5
fc1357ce9864f54c40a3e45fee1ff9b80ad785731d5c88713451e4a129fd3ddd,impact-recovered / cause-resolved incident-handoff axes,Excelsior,p50k_base,12,impact-recovered,"In folder-access-gap, the declared impact was absent under the resolved document-open-check check at 00:34.",folder-access-gap impact-recovered(document-open-check@00:34),26,20,-6
fc1357ce9864f54c40a3e45fee1ff9b80ad785731d5c88713451e4a129fd3ddd,impact-recovered / cause-resolved incident-handoff axes,Excelsior,p50k_base,13,impact-recovered,"In cloakroom-token-delay, the declared impact was absent under the resolved counter-wait-check check at 13:17.",cloakroom-token-delay impact-recovered(counter-wait-check@13:17),27,22,-5
fc1357ce9864f54c40a3e45fee1ff9b80ad785731d5c88713451e4a129fd3ddd,impact-recovered / cause-resolved incident-handoff axes,Excelsior,p50k_base,14,impact-recovered,"In gallery-light-flicker, the declared impact was absent under the resolved display-brightness-check check at 19:38.",gallery-light-flicker impact-recovered(display-brightness-check@19:38),28,22,-6
fc1357ce9864f54c40a3e45fee1ff9b80ad785731d5c88713451e4a129fd3ddd,impact-recovered / cause-resolved incident-handoff axes,Excelsior,p50k_base,15,impact-recovered,"In seat-map-clash, the declared impact was absent under the resolved aisle-placement-check check at 20:46.",seat-map-clash impact-recovered(aisle-placement-check@20:46),28,23,-5
fc1357ce9864f54c40a3e45fee1ff9b80ad785731d5c88713451e4a129fd3ddd,impact-recovered / cause-resolved incident-handoff axes,Excelsior,p50k_base,16,cause-resolved,"In shopping-total-jump, causal mechanism repeated-tax-application was removed and the resolved basket-replay-test test passed.","shopping-total-jump cause-resolved(repeated-tax-application, checked-by=basket-replay-test)",28,30,2
fc1357ce9864f54c40a3e45fee1ff9b80ad785731d5c88713451e4a129fd3ddd,impact-recovered / cause-resolved incident-handoff axes,Excelsior,p50k_base,17,cause-resolved,"In voucher-redeem-loop, causal mechanism stale-redemption-lock was removed and the resolved voucher-retry-test test passed.","voucher-redeem-loop cause-resolved(stale-redemption-lock, checked-by=voucher-retry-test)",30,34,4
fc1357ce9864f54c40a3e45fee1ff9b80ad785731d5c88713451e4a129fd3ddd,impact-recovered / cause-resolved incident-handoff axes,Excelsior,p50k_base,18,cause-resolved,"In stock-badge-delay, causal mechanism blocked-stock-notifier was removed and the resolved badge-refresh-test test passed.","stock-badge-delay cause-resolved(blocked-stock-notifier, checked-by=badge-refresh-test)",30,31,1
fc1357ce9864f54c40a3e45fee1ff9b80ad785731d5c88713451e4a129fd3ddd,impact-recovered / cause-resolved incident-handoff axes,Excelsior,p50k_base,19,cause-resolved,"In sorter-belt-slip, causal mechanism slack-drive-belt was removed and the resolved tension-load-test test passed.","sorter-belt-slip cause-resolved(slack-drive-belt, checked-by=tension-load-test)",29,30,1
fc1357ce9864f54c40a3e45fee1ff9b80ad785731d5c88713451e4a129fd3ddd,impact-recovered / cause-resolved incident-handoff axes,Excelsior,p50k_base,20,cause-resolved,"In coolant-valve-chatter, causal mechanism pitted-valve-seat was removed and the resolved valve-cycle-test test passed.","coolant-valve-chatter cause-resolved(pitted-valve-seat, checked-by=valve-cycle-test)",31,32,1
fc1357ce9864f54c40a3e45fee1ff9b80ad785731d5c88713451e4a129fd3ddd,impact-recovered / cause-resolved incident-handoff axes,Excelsior,p50k_base,21,cause-resolved,"In scanner-dock-shortage, causal mechanism incorrect-return-routing was removed and the resolved dock-return-test test passed.","scanner-dock-shortage cause-resolved(incorrect-return-routing, checked-by=dock-return-test)",30,32,2
fc1357ce9864f54c40a3e45fee1ff9b80ad785731d5c88713451e4a129fd3ddd,impact-recovered / cause-resolved incident-handoff axes,Excelsior,p50k_base,22,cause-resolved,"In packing-label-backlog, causal mechanism paused-label-spooler was removed and the resolved spool-drain-test test passed.","packing-label-backlog cause-resolved(paused-label-spooler, checked-by=spool-drain-test)",32,32,0
fc1357ce9864f54c40a3e45fee1ff9b80ad785731d5c88713451e4a129fd3ddd,impact-recovered / cause-resolved incident-handoff axes,Excelsior,p50k_base,23,cause-resolved,"In consignment-route-loop, causal mechanism duplicate-transfer-rule was removed and the resolved routing-replay-test test passed.","consignment-route-loop cause-resolved(duplicate-transfer-rule, checked-by=routing-replay-test)",29,31,2
fc1357ce9864f54c40a3e45fee1ff9b80ad785731d5c88713451e4a129fd3ddd,impact-recovered / cause-resolved incident-handoff axes,Excelsior,p50k_base,24,cause-resolved,"In trailer-humidity-rise, causal mechanism cracked-vent-cover was removed and the resolved ventilation-soak-test test passed.","trailer-humidity-rise cause-resolved(cracked-vent-cover, checked-by=ventilation-soak-test)",29,31,2
fc1357ce9864f54c40a3e45fee1ff9b80ad785731d5c88713451e4a129fd3ddd,impact-recovered / cause-resolved incident-handoff axes,Excelsior,p50k_base,25,cause-resolved,"In dispatch-slot-collision, causal mechanism overlapping-booking-rule was removed and the resolved booking-replay-test test passed.","dispatch-slot-collision cause-resolved(overlapping-booking-rule, checked-by=booking-replay-test)",30,33,3
fc1357ce9864f54c40a3e45fee1ff9b80ad785731d5c88713451e4a129fd3ddd,impact-recovered / cause-resolved incident-handoff axes,Excelsior,p50k_base,26,cause-resolved,"In appendix-order-drift, causal mechanism reversed-assembly-template was removed and the resolved assembly-order-test test passed.","appendix-order-drift cause-resolved(reversed-assembly-template, checked-by=assembly-order-test)",28,30,2
fc1357ce9864f54c40a3e45fee1ff9b80ad785731d5c88713451e4a129fd3ddd,impact-recovered / cause-resolved incident-handoff axes,Excelsior,p50k_base,27,cause-resolved,"In review-stamp-loss, causal mechanism missing-stamp-font was removed and the resolved stamp-render-test test passed.","review-stamp-loss cause-resolved(missing-stamp-font, checked-by=stamp-render-test)",29,29,0
fc1357ce9864f54c40a3e45fee1ff9b80ad785731d5c88713451e4a129fd3ddd,impact-recovered / cause-resolved incident-handoff axes,Excelsior,p50k_base,28,cause-resolved,"In folder-access-gap, causal mechanism outdated-role-binding was removed and the resolved access-replay-test test passed.","folder-access-gap cause-resolved(outdated-role-binding, checked-by=access-replay-test)",28,28,0
fc1357ce9864f54c40a3e45fee1ff9b80ad785731d5c88713451e4a129fd3ddd,impact-recovered / cause-resolved incident-handoff axes,Excelsior,p50k_base,29,cause-resolved,"In cloakroom-token-delay, causal mechanism blocked-printer-spool was removed and the resolved ticket-output-test test passed.","cloakroom-token-delay cause-resolved(blocked-printer-spool, checked-by=ticket-output-test)",30,31,1
fc1357ce9864f54c40a3e45fee1ff9b80ad785731d5c88713451e4a129fd3ddd,impact-recovered / cause-resolved incident-handoff axes,Excelsior,p50k_base,30,cause-resolved,"In gallery-light-flicker, causal mechanism defective-dimmer-module was removed and the resolved brightness-sweep-test test passed.","gallery-light-flicker cause-resolved(defective-dimmer-module, checked-by=brightness-sweep-test)",30,31,1
fc1357ce9864f54c40a3e45fee1ff9b80ad785731d5c88713451e4a129fd3ddd,impact-recovered / cause-resolved incident-handoff axes,Excelsior,p50k_base,31,cause-resolved,"In seat-map-clash, causal mechanism duplicated-row-template was removed and the resolved seating-layout-test test passed.","seat-map-clash cause-resolved(duplicated-row-template, checked-by=seating-layout-test)",29,30,1
